CallID,CallStarts,CallEnds,CustomerAcc,CustomerAge,CustomerPhone,OperatorID,LocationID,Sector,CallSatisfaction
1820,2023-01-01 02:22:40,2023-01-01 02:36:19,ACC0474,69,+100 43-518-683,P0011,LOC002,Government,0.5751
1821,2023-01-01 06:08:24,2023-01-01 06:23:01,ACC0237,42,+36 70-281-446,P0006,LOC009,Cross-Industry,0.3293
1822,2023-01-01 14:38:41,2023-01-01 14:47:14,ACC012,27,+100 21-56-221,P0014,LOC007,Government,0.7595
1823,2023-01-02 08:35:07,2023-01-02 08:48:50,ACC0129,74,+26 50-173-338,P0012,LOC005,Retail,0.8135
1824,2023-01-02 10:20:06,2023-01-02 10:41:51,ACC057,72,+100 66-101-266,P0008,LOC002,Other,0.2476
1825,2023-01-02 14:57:40,2023-01-02 15:12:39,ACC0308,43,+100 53-352-517,P0005,LOC006,Services,0.2622
1826,2023-01-02 18:28:17,2023-01-02 18:52:10,ACC01,16,+100 10-45-210,P0016,LOC001,Other,0.0998
1827,2023-01-04 20:07:48,2023-01-04 20:17:33,ACC080,25,+44 89-124-289,P0012,LOC004,Retail,0.1315
1828,2023-01-05 00:09:37,2023-01-05 00:31:02,ACC0329,64,+56 74-373-538,P0014,LOC006,Services,0.3255
1829,2023-01-05 00:18:23,2023-01-05 00:34:33,ACC0567,22,+36 48-611-776,P0003,LOC008,Services,0.5383
1830,2023-01-05 01:46:31,2023-01-05 02:02:27,ACC0308,43,+100 53-352-517,P0010,LOC002,Services,0.9574
1831,2023-01-05 02:18:14,2023-01-05 02:40:38,ACC0271,76,+34 16-315-480,P0015,LOC006,Government,0.0530
1832,2023-01-07 00:27:59,2023-01-07 00:40:02,ACC0269,74,+200 14-313-478,P0017,LOC002,Retail,0.1734
1833,2023-01-07 06:14:43,2023-01-07 06:22:12,ACC0462,57,+100 31-506-671,P0009,LOC001,Services,0.4392
1834,2023-01-07 13:51:58,2023-01-07 13:59:03,ACC054,69,+56 63-98-263,P0016,LOC007,Government,0.2600
1835,2023-01-07 23:14:57,2023-01-07 23:23:13,ACC0171,46,+36 92-215-380,P0018,LOC002,Retail,0.2049
1836,2023-01-08 02:57:04,2023-01-08 03:11:55,ACC0262,67,+43 95-306-471,P0002,LOC006,Retail,0.0830
1837,2023-01-08 09:46:02,2023-01-08 10:05:12,ACC0371,36,+26 28-415-580,P0012,LOC005,Services,0.9655
1838,2023-01-08 13:48:38,2023-01-08 14:07:13,ACC085,30,+26 94-129-294,P0006,LOC008,Other,0.0667
1839,2023-01-08 13:51:41,2023-01-08 14:04:07,ACC0549,74,+56 30-593-758,P0004,LOC004,Retail,0.9529
1840,2023-01-08 17:57:56,2023-01-08 18:02:15,ACC045,60,+100 54-89-254,P0002,LOC006,Retail,0.6519
1841,2023-01-09 05:24:32,2023-01-09 05:30:58,ACC0509,34,+44 78-553-718,P0009,LOC001,Government,0.6162
1842,2023-01-09 07:35:49,2023-01-09 07:40:14,ACC0563,18,+100 44-607-772,P0015,LOC006,Retail,0.1634
1843,2023-01-09 08:11:29,2023-01-09 08:16:37,ACC0472,67,+56 41-516-681,P0006,LOC001,Retail,0.8081
1844,2023-01-09 11:31:17,2023-01-09 11:47:39,ACC041,56,+26 50-85-250,P0006,LOC009,Cross-Industry,0.4047
1845,2023-01-09 12:36:25,2023-01-09 12:55:02,ACC0401,66,+200 58-445-610,P0002,LOC003,Other,0.2483
1846,2023-01-09 21:36:17,2023-01-09 21:44:44,ACC0188,63,+100 21-232-397,P0013,LOC005,Cross-Industry,0.2533
1847,2023-01-10 23:56:06,2023-01-11 00:08:54,ACC0497,22,+100 66-541-706,P0005,LOC009,Services,0.6063
1848,2023-01-11 04:54:51,2023-01-11 04:56:05,ACC056,71,+100 65-100-265,P0001,LOC002,Services,0.5034
1849,2023-01-11 13:59:18,2023-01-11 14:07:06,ACC0404,69,+26 61-448-613,P0008,LOC008,Government,0.5804
1850,2023-01-11 15:18:21,2023-01-11 15:41:26,ACC0362,27,+56 19-406-571,P0017,LOC009,Government,0.1281
1851,2023-01-12 00:30:16,2023-01-12 00:37:37,ACC0180,55,+46 13-224-389,P0005,LOC007,Government,0.6574
1852,2023-01-13 15:50:49,2023-01-13 16:09:19,ACC0261,66,+26 94-305-470,P0016,LOC001,Other,0.7327
1853,2023-01-14 06:18:42,2023-01-14 06:31:36,ACC084,29,+34 93-128-293,P0003,LOC003,Services,0.1068
1854,2023-01-14 13:11:07,2023-01-14 13:27:06,ACC0568,23,+34 49-612-777,P0002,LOC005,Other,0.2830
1855,2023-01-14 21:16:08,2023-01-14 21:25:06,ACC0590,45,+34 71-634-799,P0014,LOC008,Other,0.3874
1856,2023-01-15 16:15:35,2023-01-15 16:18:49,ACC0202,77,+46 35-246-411,P0013,LOC006,Cross-Industry,0.8391
1857,2023-01-15 18:16:09,2023-01-15 18:26:37,ACC058,73,+44 67-102-267,P0014,LOC007,Other,0.2782
1858,2023-01-16 18:51:30,2023-01-16 18:53:43,ACC064,79,+43 73-108-273,P0015,LOC008,Other,0.8388
1859,2023-01-17 09:39:47,2023-01-17 09:48:54,ACC0215,20,+36 48-259-424,P0006,LOC009,Government,0.4395
1860,2023-01-17 13:21:54,2023-01-17 13:42:33,ACC0491,16,+34 60-535-700,P0006,LOC007,Other,0.1269
1861,2023-01-17 20:07:10,2023-01-17 20:22:19,ACC0557,82,+34 38-601-766,P0009,LOC001,Healthcare,0.9859
1862,2023-01-18 02:42:26,2023-01-18 02:57:52,ACC0229,34,+43 62-273-438,P0018,LOC003,Government,0.0031
1863,2023-01-18 23:37:02,2023-01-18 23:52:52,ACC0216,21,+34 49-260-425,P0015,LOC006,Cross-Industry,0.3287
1864,2023-01-19 02:41:23,2023-01-19 03:05:17,ACC0268,73,+46 13-312-477,P0010,LOC002,Other,0.8551
1865,2023-01-19 20:37:36,2023-01-19 20:57:53,ACC0504,29,+43 73-548-713,P0017,LOC001,Services,0.3668
1866,2023-01-20 05:35:31,2023-01-20 05:52:13,ACC0111,56,+100 32-155-320,P0003,LOC005,Cross-Industry,0.5451
1867,2023-01-21 00:30:38,2023-01-21 00:53:00,ACC0308,43,+100 53-352-517,P0016,LOC009,Services,0.9779
1868,2023-01-21 01:33:53,2023-01-21 01:46:39,ACC0467,62,+200 36-511-676,P0001,LOC005,Government,0.5243
1869,2023-01-21 02:47:38,2023-01-21 02:49:45,ACC045,60,+100 54-89-254,P0003,LOC004,Retail,0.7467
1870,2023-01-21 09:27:45,2023-01-21 09:32:50,ACC0199,74,+100 32-243-408,P0012,LOC005,Retail,0.6260
1871,2023-01-21 14:29:22,2023-01-21 14:43:25,ACC079,24,+100 88-123-288,P0004,LOC007,Other,0.5337
1872,2023-01-22 03:52:15,2023-01-22 03:58:55,ACC0112,57,+100 33-156-321,P0011,LOC006,Services,0.5467
1873,2023-01-22 15:42:20,2023-01-22 16:01:11,ACC0421,16,+44 78-465-630,P0004,LOC008,Other,0.3601
1874,2023-01-23 02:23:05,2023-01-23 02:30:10,ACC0197,72,+56 30-241-406,P0009,LOC001,Other,0.0846
1875,2023-01-23 12:26:20,2023-01-23 12:40:32,ACC0568,23,+34 49-612-777,P0013,LOC008,Other,0.5181
1876,2023-01-23 23:56:38,2023-01-24 00:05:14,ACC0445,40,+200 14-489-654,P0011,LOC003,Healthcare,0.8563
1877,2023-01-24 08:52:49,2023-01-24 08:59:50,ACC02,17,+100 11-46-211,P0002,LOC006,Other,0.2163
1878,2023-01-24 22:18:26,2023-01-24 22:23:25,ACC0505,30,+56 74-549-714,P0017,LOC003,Other,0.3544
1879,2023-01-25 06:13:41,2023-01-25 06:35:29,ACC079,24,+100 88-123-288,P0019,LOC004,Other,0.2577
1880,2023-01-25 21:40:17,2023-01-25 22:05:06,ACC0539,64,+100 20-583-748,P0014,LOC005,Services,0.6299
1881,2023-01-26 06:09:20,2023-01-26 06:11:06,ACC0381,46,+34 38-425-590,P0010,LOC005,Retail,0.4665
1882,2023-01-26 14:28:50,2023-01-26 14:45:22,ACC0432,27,+44 89-476-641,P0001,LOC005,Government,0.7286
1883,2023-01-26 17:44:52,2023-01-26 18:11:03,ACC0234,39,+44 67-278-443,P0017,LOC009,Retail,0.4752
1884,2023-01-27 09:51:36,2023-01-27 10:06:12,ACC0591,46,+26 72-635-800,P0015,LOC006,Retail,0.0765
1885,2023-01-27 11:51:53,2023-01-27 11:52:54,ACC0464,59,+100 33-508-673,P0006,LOC009,Other,0.4660
1886,2023-01-27 19:36:50,2023-01-27 19:57:28,ACC0283,18,+26 28-327-492,P0018,LOC009,Retail,0.2747
1887,2023-01-27 20:08:53,2023-01-27 20:22:26,ACC0100,45,+100 21-144-309,P0014,LOC008,Other,0.7248
1888,2023-01-28 01:05:24,2023-01-28 01:17:32,ACC0107,52,+26 28-151-316,P0007,LOC007,Other,0.4595
1889,2023-01-28 14:13:08,2023-01-28 14:22:12,ACC0260,65,+34 93-304-469,P0003,LOC003,Other,0.1505
1890,2023-01-28 21:12:13,2023-01-28 21:18:31,ACC0175,50,+56 96-219-384,P0006,LOC009,Services,0.7472
1891,2023-01-28 22:22:26,2023-01-28 22:36:08,ACC0577,32,+200 58-621-786,P0010,LOC002,Retail,0.5734
1892,2023-01-30 08:31:10,2023-01-30 08:44:08,ACC0301,36,+46 46-345-510,P0015,LOC006,Services,0.4786
1893,2023-01-30 15:08:06,2023-01-30 15:13:50,ACC0584,39,+100 65-628-793,P0014,LOC005,Retail,0.9895
1894,2023-01-31 17:31:56,2023-01-31 17:49:15,ACC0218,23,+43 51-262-427,P0014,LOC007,Other,0.3624
1895,2023-01-31 22:19:48,2023-01-31 22:36:14,ACC0442,37,+100 11-486-651,P0010,LOC003,Other,0.0739
1896,2023-01-31 23:57:07,2023-02-01 00:05:23,ACC0511,36,+200 80-555-720,P0017,LOC001,Services,0.2104
1897,2023-02-01 01:42:16,2023-02-01 01:52:00,ACC0402,67,+36 59-446-611,P0005,LOC005,Retail,0.9501
1898,2023-02-02 14:31:17,2023-02-02 14:49:32,ACC0212,17,+44 45-256-421,P0016,LOC007,Other,0.6016
1899,2023-02-03 00:52:48,2023-02-03 01:16:53,ACC0512,37,+36 81-556-721,P0004,LOC008,Other,0.4690
1900,2023-02-03 01:16:37,2023-02-03 01:38:49,ACC0495,20,+100 64-539-704,P0006,LOC006,Government,0.1309
1901,2023-02-03 05:50:19,2023-02-03 06:12:09,ACC0283,18,+26 28-327-492,P0006,LOC001,Retail,0.2247
1902,2023-02-05 08:08:50,2023-02-05 08:09:09,ACC080,25,+44 89-124-289,P0005,LOC007,Retail,0.8384
1903,2023-02-05 11:28:30,2023-02-05 11:53:25,ACC0272,77,+26 17-316-481,P0017,LOC001,Cross-Industry,0.7927
1904,2023-02-05 17:38:31,2023-02-05 17:39:48,ACC0244,49,+100 77-288-453,P0007,LOC007,Cross-Industry,0.2569
1905,2023-02-05 23:09:08,2023-02-05 23:20:24,ACC0195,70,+26 28-239-404,P0019,LOC001,Cross-Industry,0.0461
1906,2023-02-06 05:39:08,2023-02-06 05:55:20,ACC0340,75,+56 85-384-549,P0018,LOC001,Healthcare,0.7051
1907,2023-02-06 17:22:58,2023-02-06 17:47:35,ACC0572,27,+100 53-616-781,P0003,LOC003,Government,0.2331
1908,2023-02-07 00:10:24,2023-02-07 00:27:57,ACC0368,33,+200 25-412-577,P0006,LOC001,Healthcare,0.3375
1909,2023-02-07 13:38:18,2023-02-07 13:42:14,ACC070,85,+46 79-114-279,P0010,LOC003,Services,0.4587
1910,2023-02-07 19:58:51,2023-02-07 20:14:03,ACC0242,47,+100 75-286-451,P0014,LOC005,Healthcare,0.4388
1911,2023-02-07 23:19:13,2023-02-07 23:21:20,ACC0579,34,+34 60-623-788,P0018,LOC001,Government,0.8217
1912,2023-02-08 16:33:34,2023-02-08 16:38:42,ACC0332,67,+100 77-376-541,P0002,LOC007,Retail,0.8248
1913,2023-02-08 18:05:32,2023-02-08 18:13:03,ACC0143,18,+100 64-187-352,P0001,LOC004,Retail,0.1800
1914,2023-02-08 20:54:26,2023-02-08 21:09:06,ACC0177,52,+100 10-221-386,P0009,LOC009,Other,0.0526
1915,2023-02-08 23:44:05,2023-02-08 23:51:25,ACC0420,85,+100 77-464-629,P0015,LOC007,Services,0.8002
1916,2023-02-09 07:03:36,2023-02-09 07:25:33,ACC0328,63,+43 73-372-537,P0007,LOC007,Cross-Industry,0.6752
1917,2023-02-09 13:36:23,2023-02-09 13:37:31,ACC0548,73,+43 29-592-757,P0018,LOC003,Other,0.4821
1918,2023-02-09 19:38:33,2023-02-09 19:54:58,ACC0287,22,+100 32-331-496,P0002,LOC002,Services,0.9303
1919,2023-02-09 23:21:05,2023-02-09 23:30:28,ACC0589,44,+36 70-633-798,P0010,LOC003,Other,0.6340
1920,2023-02-10 01:28:59,2023-02-10 01:48:23,ACC0338,73,+26 83-382-547,P0004,LOC005,Other,0.7558
1921,2023-02-10 04:50:14,2023-02-10 04:52:24,ACC0355,20,+44 12-399-564,P0010,LOC004,Government,0.7458
1922,2023-02-10 08:56:22,2023-02-10 09:07:41,ACC0113,58,+44 34-157-322,P0016,LOC009,Other,0.5517
1923,2023-02-10 17:54:31,2023-02-10 17:58:06,ACC0462,57,+100 31-506-671,P0018,LOC009,Services,0.0395
1924,2023-02-10 19:52:01,2023-02-10 20:13:56,ACC0175,50,+56 96-219-384,P0003,LOC007,Services,0.0140
1925,2023-02-11 04:20:53,2023-02-11 04:38:05,ACC0482,77,+43 51-526-691,P0003,LOC005,Cross-Industry,0.1592
1926,2023-02-12 01:04:02,2023-02-12 01:08:42,ACC0502,27,+34 71-546-711,P0008,LOC002,Government,0.1036
1927,2023-02-13 14:00:53,2023-02-13 14:07:44,ACC0532,57,+46 13-576-741,P0007,LOC009,Services,0.3057
1928,2023-02-15 22:38:15,2023-02-15 22:53:46,ACC0157,32,+44 78-201-366,P0017,LOC001,Retail,0.9446
1929,2023-02-16 00:02:46,2023-02-16 00:12:24,ACC0151,26,+26 72-195-360,P0006,LOC006,Healthcare,0.2513
1930,2023-02-16 08:21:16,2023-02-16 08:22:41,ACC06,21,+36 15-50-215,P0012,LOC007,Cross-Industry,0.6170
1931,2023-02-16 12:30:38,2023-02-16 12:34:42,ACC061,76,+36 70-105-270,P0019,LOC004,Government,0.9408
1932,2023-02-16 18:09:15,2023-02-16 18:34:51,ACC0546,71,+34 27-590-755,P0003,LOC005,Services,0.6997
1933,2023-02-16 21:03:56,2023-02-16 21:23:35,ACC0363,28,+100 20-407-572,P0014,LOC007,Cross-Industry,0.4328
1934,2023-02-16 23:11:39,2023-02-16 23:18:33,ACC0199,74,+100 32-243-408,P0017,LOC009,Retail,0.2561
1935,2023-02-17 00:46:34,2023-02-17 01:05:56,ACC027,42,+200 36-71-236,P0011,LOC003,Cross-Industry,0.4396
1936,2023-02-17 13:08:40,2023-02-17 13:11:11,ACC0165,40,+100 86-209-374,P0009,LOC001,Healthcare,0.0544
1937,2023-02-17 21:09:22,2023-02-17 21:17:20,ACC0578,33,+36 59-622-787,P0011,LOC005,Healthcare,0.8455
1938,2023-02-17 21:40:23,2023-02-17 21:48:14,ACC035,50,+100 44-79-244,P0011,LOC004,Services,0.2229
1939,2023-02-18 22:05:13,2023-02-18 22:14:44,ACC0403,68,+34 60-447-612,P0017,LOC003,Healthcare,0.5563
1940,2023-02-19 12:55:39,2023-02-19 12:57:37,ACC062,77,+34 71-106-271,P0013,LOC006,Cross-Industry,0.6378
1941,2023-02-19 18:58:14,2023-02-19 19:06:30,ACC0236,41,+200 69-280-445,P0004,LOC008,Government,0.8296
1942,2023-02-19 20:11:29,2023-02-19 20:27:44,ACC0511,36,+200 80-555-720,P0018,LOC001,Services,0.3612
1943,2023-02-20 22:59:35,2023-02-20 23:01:22,ACC0473,68,+100 42-517-682,P0011,LOC003,Healthcare,0.0416
1944,2023-02-21 04:07:13,2023-02-21 04:23:08,ACC0381,46,+34 38-425-590,P0005,LOC008,Retail,0.8717
1945,2023-02-21 07:36:34,2023-02-21 07:58:27,ACC0329,64,+56 74-373-538,P0010,LOC001,Services,0.7726
1946,2023-02-21 23:34:50,2023-02-21 23:53:55,ACC0129,74,+26 50-173-338,P0012,LOC005,Retail,0.1106
1947,2023-02-22 08:52:06,2023-02-22 08:57:21,ACC0220,25,+100 53-264-429,P0011,LOC004,Retail,0.6255
1948,2023-02-22 11:11:55,2023-02-22 11:25:33,ACC0379,44,+200 36-423-588,P0010,LOC001,Other,0.0529
1949,2023-02-22 13:45:21,2023-02-22 13:46:59,ACC0524,49,+34 93-568-733,P0018,LOC009,Cross-Industry,0.4927
1950,2023-02-23 03:36:45,2023-02-23 03:39:46,ACC0491,16,+34 60-535-700,P0010,LOC003,Other,0.9947
1951,2023-02-23 18:25:24,2023-02-23 18:30:25,ACC0359,24,+34 16-403-568,P0014,LOC007,Other,0.1909
1952,2023-02-23 23:15:52,2023-02-23 23:32:01,ACC06,21,+36 15-50-215,P0007,LOC007,Cross-Industry,0.7360
1953,2023-02-25 10:39:12,2023-02-25 11:02:45,ACC0216,21,+34 49-260-425,P0006,LOC001,Cross-Industry,0.3266
1954,2023-02-25 11:16:32,2023-02-25 11:41:08,ACC0445,40,+200 14-489-654,P0003,LOC004,Healthcare,0.8551
1955,2023-02-25 12:27:15,2023-02-25 12:51:40,ACC0401,66,+200 58-445-610,P0013,LOC005,Other,0.7855
1956,2023-02-25 16:16:43,2023-02-25 16:36:57,ACC066,81,+100 75-110-275,P0009,LOC004,Retail,0.2020
1957,2023-02-26 11:43:23,2023-02-26 11:54:35,ACC069,84,+44 78-113-278,P0016,LOC008,Cross-Industry,0.1219
1958,2023-02-27 00:27:07,2023-02-27 00:51:04,ACC0205,80,+34 38-249-414,P0019,LOC002,Other,0.5262
1959,2023-02-27 01:30:12,2023-02-27 01:46:39,ACC0454,49,+44 23-498-663,P0019,LOC005,Cross-Industry,0.1849
1960,2023-02-27 07:11:03,2023-02-27 07:32:55,ACC0186,61,+56 19-230-395,P0007,LOC002,Healthcare,0.9055
1961,2023-02-27 13:07:45,2023-02-27 13:28:22,ACC0287,22,+100 32-331-496,P0019,LOC002,Services,0.1749
1962,2023-02-27 22:31:18,2023-02-27 22:46:30,ACC0284,19,+43 29-328-493,P0017,LOC003,Healthcare,0.0042
1963,2023-02-28 08:33:04,2023-02-28 08:39:36,ACC0499,24,+46 68-543-708,P0017,LOC001,Other,0.2137
1964,2023-02-28 09:44:50,2023-02-28 10:09:14,ACC0122,67,+100 43-166-331,P0012,LOC005,Retail,0.3517
1965,2023-02-28 12:39:19,2023-02-28 12:53:30,ACC032,47,+56 41-76-241,P0014,LOC007,Healthcare,0.9591
1966,2023-02-28 19:44:08,2023-02-28 20:02:31,ACC077,22,+100 86-121-286,P0019,LOC001,Services,0.2760
1967,2023-03-01 20:45:41,2023-03-01 21:09:07,ACC0493,18,+43 62-537-702,P0018,LOC009,Retail,0.3394
1968,2023-03-02 15:49:13,2023-03-02 16:11:27,ACC0198,73,+100 31-242-407,P0010,LOC005,Other,0.0648
1969,2023-03-02 23:42:03,2023-03-03 00:07:21,ACC0501,26,+36 70-545-710,P0018,LOC001,Healthcare,0.0947
1970,2023-03-03 14:56:42,2023-03-03 15:03:51,ACC0385,50,+100 42-429-594,P0014,LOC005,Services,0.7041
1971,2023-03-04 02:06:09,2023-03-04 02:26:20,ACC0306,41,+43 51-350-515,P0019,LOC005,Government,0.1402
1972,2023-03-04 07:02:17,2023-03-04 07:13:43,ACC091,36,+44 12-135-300,P0017,LOC009,Services,0.4868
1973,2023-03-04 14:27:22,2023-03-04 14:39:33,ACC0572,27,+100 53-616-781,P0009,LOC001,Government,0.9368
1974,2023-03-04 21:41:17,2023-03-04 22:01:50,ACC0551,76,+100 32-595-760,P0007,LOC008,Government,0.4747
1975,2023-03-05 05:33:09,2023-03-05 05:49:58,ACC0357,22,+200 14-401-566,P0010,LOC001,Services,0.1676
1976,2023-03-05 06:08:52,2023-03-05 06:14:33,ACC048,63,+46 57-92-257,P0006,LOC001,Cross-Industry,0.3386
1977,2023-03-05 11:50:51,2023-03-05 12:03:15,ACC0218,23,+43 51-262-427,P0010,LOC002,Other,0.5600
1978,2023-03-05 16:07:31,2023-03-05 16:10:52,ACC021,36,+56 30-65-230,P0019,LOC002,Services,0.6033
1979,2023-03-05 18:05:11,2023-03-05 18:26:31,ACC0549,74,+56 30-593-758,P0016,LOC009,Retail,0.2343
1980,2023-03-05 18:51:50,2023-03-05 19:08:27,ACC0115,60,+200 36-159-324,P0018,LOC002,Retail,0.5078
1981,2023-03-06 00:41:29,2023-03-06 01:06:18,ACC0208,83,+56 41-252-417,P0002,LOC004,Government,0.7912
1982,2023-03-07 11:19:45,2023-03-07 11:26:33,ACC0299,34,+100 44-343-508,P0009,LOC001,Government,0.5254
1983,2023-03-07 12:59:36,2023-03-07 13:02:39,ACC092,37,+46 13-136-301,P0003,LOC004,Other,0.0697
1984,2023-03-08 08:01:44,2023-03-08 08:05:43,ACC0259,64,+36 92-303-468,P0013,LOC006,Services,0.3501
1985,2023-03-08 23:07:23,2023-03-08 23:24:00,ACC0414,79,+34 71-458-623,P0013,LOC004,Other,0.2855
1986,2023-03-09 15:29:45,2023-03-09 15:31:26,ACC0551,76,+100 32-595-760,P0008,LOC008,Government,0.3084
1987,2023-03-10 04:53:38,2023-03-10 05:05:21,ACC093,38,+200 14-137-302,P0015,LOC007,Other,0.1295
1988,2023-03-10 18:19:22,2023-03-10 18:42:12,ACC0498,23,+44 67-542-707,P0017,LOC009,Other,0.9276
1989,2023-03-11 05:03:51,2023-03-11 05:29:04,ACC028,43,+36 37-72-237,P0006,LOC001,Services,0.6399
1990,2023-03-11 18:25:39,2023-03-11 18:36:33,ACC0475,70,+100 44-519-684,P0006,LOC001,Cross-Industry,0.0713
1991,2023-03-12 05:38:53,2023-03-12 05:53:22,ACC0478,73,+200 47-522-687,P0010,LOC003,Other,0.5845
1992,2023-03-12 23:23:22,2023-03-12 23:36:28,ACC0164,39,+56 85-208-373,P0018,LOC003,Retail,0.8651
1993,2023-03-13 05:59:10,2023-03-13 06:02:56,ACC0217,22,+26 50-261-426,P0015,LOC008,Services,0.4102
1994,2023-03-13 21:50:30,2023-03-13 21:56:13,ACC0389,54,+46 46-433-598,P0009,LOC009,Healthcare,0.8388
1995,2023-03-14 04:56:48,2023-03-14 04:59:40,ACC081,26,+46 90-125-290,P0001,LOC002,Healthcare,0.7278
1996,2023-03-14 19:11:53,2023-03-14 19:29:29,ACC0213,18,+46 46-257-422,P0013,LOC008,Retail,0.8392
1997,2023-03-16 00:47:14,2023-03-16 01:00:51,ACC0433,28,+46 90-477-642,P0004,LOC005,Cross-Industry,0.3095
1998,2023-03-16 01:59:57,2023-03-16 02:21:02,ACC0376,41,+100 33-420-585,P0004,LOC005,Government,0.0980
1999,2023-03-16 12:32:19,2023-03-16 12:54:18,ACC0111,56,+100 32-155-320,P0014,LOC009,Cross-Industry,0.8346
2000,2023-03-16 18:35:41,2023-03-16 18:51:14,ACC0546,71,+34 27-590-755,P0015,LOC001,Services,0.1556
2001,2023-03-16 22:48:07,2023-03-16 23:04:33,ACC0106,51,+34 27-150-315,P0012,LOC006,Other,0.0883
2002,2023-03-17 00:37:46,2023-03-17 00:56:57,ACC0290,25,+46 35-334-499,P0005,LOC001,Retail,0.4561
2003,2023-03-17 13:33:41,2023-03-17 13:51:27,ACC0396,61,+100 53-440-605,P0013,LOC005,Healthcare,0.2035
2004,2023-03-18 01:40:28,2023-03-18 01:46:16,ACC0286,21,+100 31-330-495,P0002,LOC007,Cross-Industry,0.9662
2005,2023-03-18 05:08:47,2023-03-18 05:22:07,ACC0322,57,+44 67-366-531,P0019,LOC002,Services,0.9240
2006,2023-03-18 08:23:19,2023-03-18 08:48:47,ACC0196,71,+43 29-240-405,P0006,LOC002,Services,0.2219
2007,2023-03-18 19:11:05,2023-03-18 19:16:50,ACC0372,37,+43 29-416-581,P0011,LOC003,Other,0.3021
2008,2023-03-18 22:31:49,2023-03-18 22:33:34,ACC018,33,+34 27-62-227,P0004,LOC008,Healthcare,0.6668
2009,2023-03-19 09:13:12,2023-03-19 09:20:46,ACC0170,45,+200 91-214-379,P0019,LOC002,Other,0.4187
2010,2023-03-19 19:15:07,2023-03-19 19:32:53,ACC0513,38,+34 82-557-722,P0007,LOC007,Other,0.3084
2011,2023-03-19 23:04:16,2023-03-19 23:25:57,ACC0481,76,+26 50-525-690,P0012,LOC006,Government,0.3654
2012,2023-03-20 12:35:45,2023-03-20 12:56:37,ACC0503,28,+26 72-547-712,P0003,LOC005,Cross-Industry,0.3412
2013,2023-03-20 20:59:27,2023-03-20 21:19:44,ACC0219,24,+56 52-263-428,P0013,LOC007,Other,0.8068
2014,2023-03-21 04:37:36,2023-03-21 04:42:26,ACC0383,48,+43 40-427-592,P0001,LOC006,Government,0.2520
2015,2023-03-21 06:38:18,2023-03-21 06:44:54,ACC0234,39,+44 67-278-443,P0015,LOC001,Retail,0.2606
2016,2023-03-21 08:41:18,2023-03-21 09:04:36,ACC0114,59,+46 35-158-323,P0016,LOC009,Other,0.6584
2020,2023-03-23 03:03:45,2023-03-23 03:11:33,ACC0291,26,+200 36-335-500,P0007,LOC008,Healthcare,0.7141
2021,2023-03-23 14:52:38,2023-03-23 15:02:11,ACC0332,67,+100 77-376-541,P0006,LOC008,Retail,0.9867
2022,2023-03-23 18:02:55,2023-03-23 18:23:06,ACC0586,41,+44 67-630-795,P0010,LOC002,Government,0.7586
2023,2023-03-23 19:01:06,2023-03-23 19:14:03,ACC0145,20,+100 66-189-354,P0007,LOC007,Government,0.2059
2024,2023-03-23 23:03:51,2023-03-23 23:16:00,ACC0170,45,+200 91-214-379,P0013,LOC007,Other,0.5047
2025,2023-03-24 04:10:24,2023-03-24 04:31:03,ACC0330,65,+100 75-374-539,P0004,LOC004,Other,0.0086
2026,2023-03-25 12:06:58,2023-03-25 12:26:12,ACC061,76,+36 70-105-270,P0008,LOC001,Government,0.5322
2027,2023-03-25 19:52:39,2023-03-25 19:58:54,ACC0560,85,+56 41-604-769,P0015,LOC007,Services,0.9328
2028,2023-03-26 02:30:16,2023-03-26 02:31:20,ACC084,29,+34 93-128-293,P0004,LOC004,Services,0.9035
2029,2023-03-26 06:36:54,2023-03-26 06:40:53,ACC0521,46,+46 90-565-730,P0001,LOC002,Retail,0.8951
2030,2023-03-26 23:30:15,2023-03-26 23:36:08,ACC0485,80,+100 54-529-694,P0002,LOC007,Other,0.4967
2031,2023-03-27 13:53:52,2023-03-27 14:03:28,ACC0542,67,+44 23-586-751,P0011,LOC004,Retail,0.3522
2032,2023-03-28 03:56:20,2023-03-28 04:09:58,ACC0438,33,+43 95-482-647,P0014,LOC007,Healthcare,0.3954
2033,2023-03-28 19:48:52,2023-03-28 20:02:10,ACC0540,65,+100 21-584-749,P0003,LOC008,Other,0.9184
2034,2023-03-30 03:29:01,2023-03-30 03:52:53,ACC0408,73,+100 65-452-617,P0008,LOC002,Other,0.1501
2035,2023-03-30 15:50:32,2023-03-30 16:02:22,ACC0177,52,+100 10-221-386,P0014,LOC005,Other,0.9260
2036,2023-03-31 17:21:22,2023-03-31 17:43:43,ACC0189,64,+100 22-233-398,P0010,LOC005,Services,0.1536
2037,2023-03-31 17:29:59,2023-03-31 17:40:37,ACC0521,46,+46 90-565-730,P0016,LOC009,Retail,0.6082
2038,2023-03-31 21:24:42,2023-03-31 21:38:45,ACC0587,42,+46 68-631-796,P0018,LOC003,Cross-Industry,0.7976
2039,2023-04-02 01:02:59,2023-04-02 01:06:00,ACC091,36,+44 12-135-300,P0009,LOC004,Services,0.4613
2040,2023-04-02 11:55:24,2023-04-02 12:18:57,ACC0296,31,+56 41-340-505,P0004,LOC008,Other,0.8209
2041,2023-04-03 10:55:15,2023-04-03 10:57:45,ACC0278,83,+44 23-322-487,P0015,LOC006,Government,0.5083
2042,2023-04-03 20:24:43,2023-04-03 20:47:03,ACC0535,60,+34 16-579-744,P0004,LOC005,Retail,0.1662
2043,2023-04-04 04:09:10,2023-04-04 04:31:01,ACC0295,30,+43 40-339-504,P0002,LOC007,Other,0.8614
2044,2023-04-05 01:39:36,2023-04-05 01:51:28,ACC0333,68,+44 78-377-542,P0013,LOC007,Healthcare,0.8002
2045,2023-04-05 07:53:37,2023-04-05 08:11:49,ACC020,35,+43 29-64-229,P0001,LOC002,Cross-Industry,0.8444
2046,2023-04-05 08:06:02,2023-04-05 08:26:54,ACC0324,59,+200 69-368-533,P0016,LOC002,Other,0.5404
2047,2023-04-06 08:06:17,2023-04-06 08:08:21,ACC0431,26,+100 88-475-640,P0002,LOC007,Healthcare,0.4874
2048,2023-04-06 19:44:12,2023-04-06 19:59:29,ACC0128,73,+34 49-172-337,P0012,LOC007,Other,0.8688
2049,2023-04-07 03:32:16,2023-04-07 03:39:55,ACC0164,39,+56 85-208-373,P0017,LOC009,Retail,0.2828
2050,2023-04-07 04:23:34,2023-04-07 04:41:35,ACC018,33,+34 27-62-227,P0004,LOC006,Healthcare,0.7893
2051,2023-04-07 05:31:23,2023-04-07 05:32:54,ACC0591,46,+26 72-635-800,P0006,LOC002,Retail,0.2855
2052,2023-04-07 09:59:25,2023-04-07 10:06:35,ACC0496,21,+100 65-540-705,P0001,LOC004,Cross-Industry,0.9083
2053,2023-04-09 06:38:46,2023-04-09 06:59:55,ACC0323,58,+46 68-367-532,P0012,LOC005,Other,0.7637
2054,2023-04-09 13:10:57,2023-04-09 13:14:06,ACC0324,59,+200 69-368-533,P0007,LOC008,Other,0.8563
2055,2023-04-09 17:00:19,2023-04-09 17:04:53,ACC0416,81,+43 73-460-625,P0010,LOC004,Retail,0.1885
2056,2023-04-09 20:18:19,2023-04-09 20:26:01,ACC031,46,+43 40-75-240,P0017,LOC001,Retail,0.3315
2057,2023-04-10 01:16:34,2023-04-10 01:17:51,ACC0402,67,+36 59-446-611,P0003,LOC007,Retail,0.0536
2058,2023-04-10 03:20:19,2023-04-10 03:42:04,ACC0323,58,+46 68-367-532,P0012,LOC003,Other,0.3211
2059,2023-04-10 15:31:55,2023-04-10 15:40:24,ACC0181,56,+200 14-225-390,P0019,LOC005,Cross-Industry,0.6513
2060,2023-04-11 15:02:57,2023-04-11 15:10:04,ACC071,16,+200 80-115-280,P0004,LOC005,Other,0.3929
2061,2023-04-11 17:08:33,2023-04-11 17:29:32,ACC0182,57,+36 15-226-391,P0019,LOC005,Services,0.7080
2062,2023-04-13 04:06:53,2023-04-13 04:28:32,ACC0248,53,+36 81-292-457,P0011,LOC002,Retail,0.9170
2063,2023-04-13 23:20:42,2023-04-13 23:21:30,ACC0549,74,+56 30-593-758,P0010,LOC004,Retail,0.4732
2064,2023-04-14 20:52:06,2023-04-14 20:58:02,ACC0335,70,+200 80-379-544,P0006,LOC009,Cross-Industry,0.4935
2065,2023-04-16 17:44:11,2023-04-16 18:00:01,ACC0275,80,+100 20-319-484,P0010,LOC001,Other,0.4222
2066,2023-04-16 18:18:14,2023-04-16 18:19:48,ACC0404,69,+26 61-448-613,P0016,LOC001,Government,0.7391
2067,2023-04-16 18:39:42,2023-04-16 19:05:35,ACC0244,49,+100 77-288-453,P0006,LOC007,Cross-Industry,0.5178
2068,2023-04-17 06:36:36,2023-04-17 06:38:59,ACC0303,38,+36 48-347-512,P0012,LOC003,Other,0.7272
2069,2023-04-20 09:01:25,2023-04-20 09:21:26,ACC0212,17,+44 45-256-421,P0016,LOC002,Other,0.1002
2070,2023-04-20 12:22:21,2023-04-20 12:46:34,ACC0244,49,+100 77-288-453,P0017,LOC002,Cross-Industry,0.9279
2071,2023-04-20 16:01:07,2023-04-20 16:14:51,ACC0160,35,+36 81-204-369,P0006,LOC009,Cross-Industry,0.1668
2072,2023-04-20 20:28:07,2023-04-20 20:32:07,ACC0166,41,+100 87-210-375,P0001,LOC005,Government,0.7902
2073,2023-04-21 09:38:07,2023-04-21 09:56:00,ACC0196,71,+43 29-240-405,P0005,LOC009,Services,0.8522
2074,2023-04-21 12:12:25,2023-04-21 12:37:59,ACC0177,52,+100 10-221-386,P0010,LOC005,Other,0.6194
2075,2023-04-23 06:27:33,2023-04-23 06:31:33,ACC0245,50,+44 78-289-454,P0012,LOC007,Services,0.7523
2076,2023-04-23 15:52:11,2023-04-23 15:59:39,ACC0186,61,+56 19-230-395,P0005,LOC009,Healthcare,0.9597
2077,2023-04-24 06:58:09,2023-04-24 07:04:45,ACC0389,54,+46 46-433-598,P0019,LOC001,Healthcare,0.4727
2078,2023-04-24 14:59:14,2023-04-24 15:11:19,ACC0201,76,+44 34-245-410,P0006,LOC006,Government,0.0720
2079,2023-04-25 01:47:18,2023-04-25 01:48:05,ACC07,22,+34 16-51-216,P0004,LOC007,Services,0.2078
2080,2023-04-25 22:17:29,2023-04-25 22:31:24,ACC0435,30,+36 92-479-644,P0010,LOC005,Other,0.8851
2081,2023-04-26 03:54:45,2023-04-26 04:11:56,ACC0576,31,+46 57-620-785,P0004,LOC004,Other,0.5857
2082,2023-04-26 07:27:19,2023-04-26 07:46:04,ACC0121,66,+100 42-165-330,P0007,LOC007,Other,0.8696
2083,2023-04-26 07:32:38,2023-04-26 07:54:14,ACC028,43,+36 37-72-237,P0001,LOC006,Services,0.5123
2084,2023-04-26 12:40:02,2023-04-26 12:56:12,ACC0538,63,+56 19-582-747,P0011,LOC004,Cross-Industry,0.2350
2085,2023-04-27 02:11:34,2023-04-27 02:28:12,ACC0580,35,+26 61-624-789,P0002,LOC004,Cross-Industry,0.7201
2086,2023-04-27 18:26:54,2023-04-27 18:38:25,ACC085,30,+26 94-129-294,P0004,LOC009,Other,0.1392
2087,2023-04-27 19:10:55,2023-04-27 19:17:53,ACC0484,79,+100 53-528-693,P0012,LOC005,Other,0.6756
2088,2023-04-28 01:19:47,2023-04-28 01:41:52,ACC0274,79,+56 19-318-483,P0016,LOC008,Other,0.0077
2089,2023-04-28 15:16:50,2023-04-28 15:17:52,ACC0399,64,+44 56-443-608,P0009,LOC003,Services,0.9945
2090,2023-04-28 15:53:28,2023-04-28 16:17:35,ACC0292,27,+36 37-336-501,P0007,LOC007,Government,0.3361
2091,2023-04-28 18:17:45,2023-04-28 18:38:52,ACC0260,65,+34 93-304-469,P0010,LOC002,Other,0.3212
2092,2023-04-28 20:21:42,2023-04-28 20:41:28,ACC0486,81,+100 55-530-695,P0018,LOC004,Retail,0.9286
2093,2023-04-28 20:25:30,2023-04-28 20:39:48,ACC0365,30,+100 22-409-574,P0014,LOC005,Other,0.0659
2094,2023-04-29 05:10:35,2023-04-29 05:30:21,ACC0494,19,+56 63-538-703,P0015,LOC007,Healthcare,0.4310
2095,2023-04-29 10:14:40,2023-04-29 10:38:20,ACC0141,16,+43 62-185-350,P0001,LOC004,Other,0.8060
2096,2023-04-29 11:28:20,2023-04-29 11:33:58,ACC0190,65,+44 23-234-399,P0011,LOC006,Other,0.2164
2097,2023-04-29 13:22:55,2023-04-29 13:47:44,ACC0378,43,+46 35-422-587,P0012,LOC007,Services,0.1863
2098,2023-04-29 23:16:23,2023-04-29 23:35:51,ACC0378,43,+46 35-422-587,P0005,LOC009,Services,0.6377
2099,2023-04-30 04:42:44,2023-04-30 04:57:09,ACC0497,22,+100 66-541-706,P0003,LOC008,Services,0.6046
2100,2023-04-30 11:29:30,2023-04-30 11:52:51,ACC0155,30,+100 76-199-364,P0004,LOC006,Other,0.6624
2101,2023-04-30 20:05:38,2023-04-30 20:05:38,ACC059,74,+46 68-103-268,P0019,LOC005,Retail,0.2818
2102,2023-05-01 10:42:20,2023-05-01 11:01:26,ACC0329,64,+56 74-373-538,P0006,LOC006,Services,0.3411
2103,2023-05-01 12:59:29,2023-05-01 13:06:12,ACC0519,44,+100 88-563-728,P0016,LOC007,Other,0.2641
2104,2023-05-01 16:16:07,2023-05-01 16:18:38,ACC0458,53,+34 27-502-667,P0007,LOC007,Retail,0.3231
2105,2023-05-02 21:35:31,2023-05-02 21:55:29,ACC0316,51,+26 61-360-525,P0004,LOC009,Other,0.2764
2106,2023-05-03 04:00:19,2023-05-03 04:10:09,ACC0188,63,+100 21-232-397,P0002,LOC007,Cross-Industry,0.5326
2107,2023-05-03 08:07:51,2023-05-03 08:12:15,ACC0316,51,+26 61-360-525,P0013,LOC008,Other,0.8646
2108,2023-05-04 16:29:20,2023-05-04 16:50:05,ACC0489,84,+200 58-533-698,P0010,LOC003,Cross-Industry,0.2405
2109,2023-05-05 04:38:46,2023-05-05 04:53:28,ACC0220,25,+100 53-264-429,P0017,LOC003,Retail,0.6480
2110,2023-05-05 21:38:38,2023-05-05 21:45:48,ACC0520,45,+44 89-564-729,P0012,LOC007,Other,0.4063
2111,2023-05-05 22:17:42,2023-05-05 22:20:57,ACC0550,75,+100 31-594-759,P0013,LOC008,Healthcare,0.8924
2112,2023-05-06 22:55:23,2023-05-06 23:14:53,ACC0205,80,+34 38-249-414,P0004,LOC007,Other,0.0903
2113,2023-05-07 01:05:08,2023-05-07 01:27:27,ACC0551,76,+100 32-595-760,P0018,LOC004,Government,0.1555
2114,2023-05-07 05:00:38,2023-05-07 05:23:53,ACC0487,82,+44 56-531-696,P0016,LOC002,Healthcare,0.5239
2115,2023-05-07 21:08:12,2023-05-07 21:29:05,ACC020,35,+43 29-64-229,P0001,LOC004,Cross-Industry,0.4908
2116,2023-05-08 09:21:11,2023-05-08 09:45:49,ACC0125,70,+46 46-169-334,P0019,LOC003,Cross-Industry,0.2175
2117,2023-05-09 00:47:15,2023-05-09 01:10:53,ACC0253,58,+100 86-297-462,P0003,LOC004,Other,0.4800
2118,2023-05-09 08:56:39,2023-05-09 09:14:35,ACC0287,22,+100 32-331-496,P0005,LOC009,Services,0.8127
2119,2023-05-09 13:58:14,2023-05-09 14:23:38,ACC0530,55,+100 11-574-739,P0010,LOC003,Government,0.7412
2120,2023-05-09 21:24:26,2023-05-09 21:38:35,ACC0366,31,+44 23-410-575,P0019,LOC004,Other,0.8206
2121,2023-05-10 05:26:09,2023-05-10 05:43:48,ACC0461,56,+56 30-505-670,P0006,LOC007,Cross-Industry,0.8361
2122,2023-05-10 21:27:45,2023-05-10 21:29:01,ACC0452,47,+100 21-496-661,P0004,LOC009,Healthcare,0.2846
2123,2023-05-11 07:40:15,2023-05-11 07:57:57,ACC0352,17,+100 97-396-561,P0019,LOC003,Other,0.9075
2124,2023-05-11 07:49:08,2023-05-11 07:55:38,ACC0297,32,+100 42-341-506,P0014,LOC006,Retail,0.2077
2125,2023-05-11 23:25:57,2023-05-11 23:51:36,ACC0242,47,+100 75-286-451,P0006,LOC008,Healthcare,0.7011
2126,2023-05-12 09:19:56,2023-05-12 09:39:05,ACC0293,28,+34 38-337-502,P0005,LOC006,Cross-Industry,0.3262
2127,2023-05-12 12:26:15,2023-05-12 12:52:16,ACC019,34,+26 28-63-228,P0019,LOC002,Government,0.4612
2128,2023-05-12 19:05:32,2023-05-12 19:07:47,ACC0504,29,+43 73-548-713,P0016,LOC009,Services,0.6120
2129,2023-05-12 20:36:16,2023-05-12 20:43:10,ACC0564,19,+44 45-608-773,P0006,LOC001,Healthcare,0.2758
2130,2023-05-12 22:49:59,2023-05-12 22:58:24,ACC0258,63,+200 91-302-467,P0014,LOC005,Cross-Industry,0.3417
2131,2023-05-13 07:03:10,2023-05-13 07:27:27,ACC067,82,+100 76-111-276,P0012,LOC005,Healthcare,0.0110
2132,2023-05-13 15:11:26,2023-05-13 15:36:21,ACC0470,65,+26 39-514-679,P0016,LOC002,Other,0.7874
2133,2023-05-13 17:19:14,2023-05-13 17:21:44,ACC0280,85,+200 25-324-489,P0002,LOC005,Services,0.9659
2134,2023-05-14 08:51:59,2023-05-14 08:57:48,ACC0437,32,+26 94-481-646,P0003,LOC003,Retail,0.1866
2135,2023-05-14 22:04:41,2023-05-14 22:27:34,ACC039,54,+36 48-83-248,P0010,LOC001,Healthcare,0.4565
2136,2023-05-14 23:50:05,2023-05-15 00:12:39,ACC0466,61,+46 35-510-675,P0008,LOC009,Healthcare,0.8030
2137,2023-05-15 13:06:53,2023-05-15 13:22:53,ACC0232,37,+100 65-276-441,P0002,LOC006,Other,0.8288
2138,2023-05-15 13:55:02,2023-05-15 14:01:19,ACC0155,30,+100 76-199-364,P0014,LOC009,Other,0.1242
2139,2023-05-15 16:34:04,2023-05-15 16:34:39,ACC0586,41,+44 67-630-795,P0019,LOC001,Government,0.9594
2140,2023-05-16 12:34:25,2023-05-16 12:56:16,ACC0465,60,+44 34-509-674,P0002,LOC002,Retail,0.4935
2141,2023-05-16 19:23:34,2023-05-16 19:30:41,ACC0171,46,+36 92-215-380,P0012,LOC007,Retail,0.2062
2142,2023-05-17 00:46:20,2023-05-17 00:59:39,ACC0406,71,+56 63-450-615,P0014,LOC009,Services,0.6817
2143,2023-05-17 05:48:55,2023-05-17 05:50:29,ACC0508,33,+100 77-552-717,P0017,LOC008,Healthcare,0.3748
2144,2023-05-17 21:17:23,2023-05-17 21:33:12,ACC079,24,+100 88-123-288,P0003,LOC005,Other,0.2401
2145,2023-05-17 22:31:00,2023-05-17 22:41:13,ACC0443,38,+44 12-487-652,P0013,LOC008,Other,0.1465
2146,2023-05-18 02:10:06,2023-05-18 02:29:50,ACC0270,75,+36 15-314-479,P0011,LOC002,Healthcare,0.5139
2147,2023-05-18 03:17:54,2023-05-18 03:30:07,ACC0217,22,+26 50-261-426,P0003,LOC003,Services,0.6211
2148,2023-05-18 05:16:44,2023-05-18 05:38:41,ACC0457,52,+36 26-501-666,P0010,LOC001,Other,0.8581
2149,2023-05-18 10:43:51,2023-05-18 11:00:07,ACC05,20,+200 14-49-214,P0002,LOC005,Government,0.0055
2150,2023-05-18 23:53:37,2023-05-19 00:18:24,ACC0562,17,+100 43-606-771,P0007,LOC002,Other,0.2158
2151,2023-05-19 06:11:40,2023-05-19 06:22:51,ACC0201,76,+44 34-245-410,P0004,LOC009,Government,0.4238
2152,2023-05-19 10:17:43,2023-05-19 10:31:39,ACC0382,47,+26 39-426-591,P0003,LOC003,Healthcare,0.9009
2153,2023-05-20 13:10:37,2023-05-20 13:25:04,ACC0271,76,+34 16-315-480,P0016,LOC001,Government,0.6362
2154,2023-05-20 15:59:37,2023-05-20 16:03:57,ACC0488,83,+46 57-532-697,P0003,LOC003,Government,0.7664
2155,2023-05-21 12:55:35,2023-05-21 13:02:21,ACC07,22,+34 16-51-216,P0015,LOC007,Services,0.5188
2156,2023-05-21 13:30:25,2023-05-21 13:45:24,ACC0512,37,+36 81-556-721,P0004,LOC004,Other,0.5543
2157,2023-05-21 15:28:14,2023-05-21 15:44:16,ACC0482,77,+43 51-526-691,P0014,LOC009,Cross-Industry,0.4241
2158,2023-05-21 16:56:32,2023-05-21 17:10:55,ACC0196,71,+43 29-240-405,P0003,LOC003,Services,0.1452
2159,2023-05-21 17:23:02,2023-05-21 17:30:02,ACC0109,54,+56 30-153-318,P0002,LOC004,Healthcare,0.4375
2160,2023-05-21 21:05:37,2023-05-21 21:27:33,ACC013,28,+100 22-57-222,P0005,LOC009,Cross-Industry,0.6380
2161,2023-05-22 09:18:59,2023-05-22 09:42:46,ACC0202,77,+46 35-246-411,P0012,LOC005,Cross-Industry,0.4656
2162,2023-05-22 11:28:55,2023-05-22 11:53:36,ACC0180,55,+46 13-224-389,P0004,LOC004,Government,0.1365
2163,2023-05-22 16:40:36,2023-05-22 16:50:15,ACC0312,47,+46 57-356-521,P0016,LOC008,Healthcare,0.0701
2164,2023-05-22 19:03:50,2023-05-22 19:11:39,ACC0339,74,+43 84-383-548,P0008,LOC002,Retail,0.0799
2165,2023-05-22 23:29:49,2023-05-22 23:43:48,ACC0313,48,+200 58-357-522,P0002,LOC004,Government,0.2190
2166,2023-05-23 00:16:09,2023-05-23 00:20:57,ACC0286,21,+100 31-330-495,P0007,LOC008,Cross-Industry,0.9372
2167,2023-05-23 04:34:01,2023-05-23 04:50:07,ACC085,30,+26 94-129-294,P0001,LOC004,Other,0.0901
2168,2023-05-23 11:34:08,2023-05-23 11:50:18,ACC0499,24,+46 68-543-708,P0006,LOC002,Other,0.1591
2169,2023-05-24 02:34:36,2023-05-24 02:56:57,ACC0234,39,+44 67-278-443,P0004,LOC004,Retail,0.9079
2170,2023-05-24 03:27:37,2023-05-24 03:42:06,ACC0330,65,+100 75-374-539,P0002,LOC005,Other,0.5910
2171,2023-05-24 09:41:39,2023-05-24 09:46:02,ACC0421,16,+44 78-465-630,P0004,LOC004,Other,0.1836
2172,2023-05-24 12:03:41,2023-05-24 12:21:40,ACC042,57,+43 51-86-251,P0002,LOC004,Services,0.1971
2173,2023-05-25 10:07:58,2023-05-25 10:25:37,ACC069,84,+44 78-113-278,P0013,LOC007,Cross-Industry,0.6866
2174,2023-05-25 10:20:08,2023-05-25 10:27:10,ACC0108,53,+43 29-152-317,P0004,LOC006,Retail,0.2878
2175,2023-05-25 12:29:21,2023-05-25 12:53:44,ACC08,23,+26 17-52-217,P0007,LOC008,Other,0.7345
2176,2023-05-25 18:25:10,2023-05-25 18:36:15,ACC038,53,+200 47-82-247,P0011,LOC003,Retail,0.1382
2177,2023-05-26 21:23:01,2023-05-26 21:25:28,ACC0362,27,+56 19-406-571,P0004,LOC008,Government,0.1004
2178,2023-05-27 20:56:25,2023-05-27 21:13:49,ACC0573,28,+100 54-617-782,P0012,LOC003,Cross-Industry,0.3108
2179,2023-05-27 21:55:11,2023-05-27 22:18:57,ACC049,64,+200 58-93-258,P0004,LOC005,Services,0.0673
2180,2023-05-28 18:31:17,2023-05-28 18:49:55,ACC0373,38,+56 30-417-582,P0009,LOC004,Other,0.8669
2181,2023-05-28 22:13:38,2023-05-28 22:35:46,ACC0510,35,+46 79-554-719,P0007,LOC007,Cross-Industry,0.3656
2182,2023-05-29 04:24:07,2023-05-29 04:29:01,ACC0530,55,+100 11-574-739,P0018,LOC002,Government,0.3657
2183,2023-05-29 10:52:50,2023-05-29 10:59:51,ACC0565,20,+46 46-609-774,P0011,LOC003,Government,0.8289
2184,2023-05-29 18:11:01,2023-05-29 18:20:05,ACC0591,46,+26 72-635-800,P0008,LOC002,Retail,0.5831
2185,2023-05-30 04:00:19,2023-05-30 04:07:18,ACC0212,17,+44 45-256-421,P0012,LOC003,Other,0.2726
2186,2023-05-30 05:28:06,2023-05-30 05:34:07,ACC0525,50,+26 94-569-734,P0004,LOC006,Services,0.2685
2187,2023-05-30 13:42:00,2023-05-30 14:02:14,ACC0204,79,+36 37-248-413,P0003,LOC005,Other,0.0548
2188,2023-05-30 15:49:59,2023-05-30 15:54:17,ACC029,44,+34 38-73-238,P0007,LOC009,Other,0.2259
2189,2023-05-30 20:10:47,2023-05-30 20:25:29,ACC025,40,+44 34-69-234,P0006,LOC006,Healthcare,0.7378
2190,2023-05-31 01:48:59,2023-05-31 02:09:29,ACC0564,19,+44 45-608-773,P0012,LOC007,Healthcare,0.8621
2191,2023-05-31 13:51:43,2023-05-31 14:11:43,ACC043,58,+56 52-87-252,P0001,LOC006,Other,0.2565
2192,2023-05-31 16:22:24,2023-05-31 16:29:43,ACC0205,80,+34 38-249-414,P0005,LOC009,Other,0.5765
2193,2023-05-31 19:19:34,2023-05-31 19:27:33,ACC0421,16,+44 78-465-630,P0014,LOC006,Other,0.3511
2194,2023-06-01 01:24:01,2023-06-01 01:48:23,ACC0300,35,+44 45-344-509,P0011,LOC002,Cross-Industry,0.8067
2195,2023-06-01 04:20:29,2023-06-01 04:25:14,ACC0505,30,+56 74-549-714,P0007,LOC008,Other,0.7258
2196,2023-06-01 15:15:38,2023-06-01 15:34:11,ACC0235,40,+46 68-279-444,P0014,LOC006,Healthcare,0.2090
2197,2023-06-01 17:48:36,2023-06-01 18:04:58,ACC079,24,+100 88-123-288,P0009,LOC002,Other,0.1395
2198,2023-06-01 17:59:43,2023-06-01 18:11:21,ACC0116,61,+36 37-160-325,P0002,LOC005,Healthcare,0.2408
2199,2023-06-02 16:01:09,2023-06-02 16:23:21,ACC0155,30,+100 76-199-364,P0008,LOC008,Other,0.2766
2200,2023-06-03 01:53:04,2023-06-03 01:54:51,ACC0335,70,+200 80-379-544,P0009,LOC004,Cross-Industry,0.6734
2201,2023-06-03 20:00:53,2023-06-03 20:24:13,ACC0444,39,+46 13-488-653,P0016,LOC009,Retail,0.6552
2202,2023-06-04 03:44:22,2023-06-04 04:04:45,ACC0469,64,+34 38-513-678,P0001,LOC005,Services,0.9731
2203,2023-06-04 17:22:44,2023-06-04 17:33:11,ACC0355,20,+44 12-399-564,P0005,LOC007,Government,0.8415
2204,2023-06-04 22:07:16,2023-06-04 22:11:30,ACC0553,78,+44 34-597-762,P0014,LOC009,Services,0.3808
2205,2023-06-05 12:17:08,2023-06-05 12:36:48,ACC0331,66,+100 76-375-540,P0004,LOC007,Other,0.5625
2206,2023-06-05 18:20:40,2023-06-05 18:26:16,ACC0162,37,+26 83-206-371,P0010,LOC002,Other,0.8173
2207,2023-06-06 01:37:25,2023-06-06 01:42:32,ACC0192,67,+200 25-236-401,P0011,LOC006,Retail,0.1433
2208,2023-06-06 20:37:24,2023-06-06 21:01:05,ACC0379,44,+200 36-423-588,P0016,LOC008,Other,0.1069
2209,2023-06-07 10:07:55,2023-06-07 10:27:03,ACC0319,54,+100 64-363-528,P0015,LOC009,Healthcare,0.2502
2210,2023-06-07 13:26:44,2023-06-07 13:31:07,ACC0175,50,+56 96-219-384,P0011,LOC002,Services,0.6078
2211,2023-06-08 01:53:03,2023-06-08 02:11:06,ACC0492,17,+26 61-536-701,P0001,LOC004,Other,0.4326
2212,2023-06-08 02:44:46,2023-06-08 03:04:47,ACC0142,17,+56 63-186-351,P0003,LOC007,Other,0.3509
2213,2023-06-08 20:31:34,2023-06-08 20:45:31,ACC0590,45,+34 71-634-799,P0006,LOC009,Other,0.6650
2214,2023-06-09 09:11:53,2023-06-09 09:30:34,ACC0418,83,+100 75-462-627,P0003,LOC003,Government,0.0826
2215,2023-06-09 11:56:28,2023-06-09 12:14:17,ACC0250,55,+26 83-294-459,P0018,LOC009,Government,0.3084
2216,2023-06-10 10:34:46,2023-06-10 10:57:16,ACC0255,60,+100 88-299-464,P0012,LOC005,Retail,0.6020
2217,2023-06-10 11:11:33,2023-06-10 11:32:08,ACC0212,17,+44 45-256-421,P0009,LOC001,Other,0.4437
2218,2023-06-11 08:03:44,2023-06-11 08:27:16,ACC0115,60,+200 36-159-324,P0008,LOC009,Retail,0.2376
2219,2023-06-11 08:47:38,2023-06-11 08:55:08,ACC045,60,+100 54-89-254,P0001,LOC005,Retail,0.2419
2220,2023-06-11 12:35:01,2023-06-11 12:38:27,ACC0241,46,+56 74-285-450,P0002,LOC006,Retail,0.4878
2221,2023-06-11 16:58:56,2023-06-11 17:07:27,ACC070,85,+46 79-114-279,P0004,LOC005,Services,0.7056
2222,2023-06-11 18:18:52,2023-06-11 18:34:14,ACC098,43,+56 19-142-307,P0007,LOC008,Services,0.1311
2223,2023-06-13 01:18:14,2023-06-13 01:43:25,ACC0430,25,+100 87-474-639,P0003,LOC007,Retail,0.6665
2224,2023-06-13 01:26:20,2023-06-13 01:34:32,ACC0446,41,+36 15-490-655,P0011,LOC005,Government,0.0764
2225,2023-06-14 02:18:08,2023-06-14 02:23:34,ACC0356,21,+46 13-400-565,P0012,LOC006,Cross-Industry,0.1825
2226,2023-06-14 15:04:17,2023-06-14 15:10:29,ACC0255,60,+100 88-299-464,P0010,LOC002,Retail,0.2704
2227,2023-06-15 02:05:05,2023-06-15 02:14:33,ACC0534,59,+36 15-578-743,P0008,LOC008,Other,0.9440
2228,2023-06-15 04:54:45,2023-06-15 05:10:40,ACC0299,34,+100 44-343-508,P0003,LOC007,Government,0.8661
2229,2023-06-15 05:33:26,2023-06-15 05:45:38,ACC0467,62,+200 36-511-676,P0006,LOC008,Government,0.6383
2230,2023-06-15 06:31:20,2023-06-15 06:31:55,ACC0568,23,+34 49-612-777,P0010,LOC005,Other,0.5978
2231,2023-06-15 13:49:09,2023-06-15 14:11:24,ACC0169,44,+46 90-213-378,P0011,LOC004,Other,0.5819
2232,2023-06-15 22:16:25,2023-06-15 22:40:17,ACC0448,43,+26 17-492-657,P0002,LOC006,Services,0.1595
2233,2023-06-16 15:18:14,2023-06-16 15:29:52,ACC0335,70,+200 80-379-544,P0007,LOC001,Cross-Industry,0.7659
2234,2023-06-16 18:11:34,2023-06-16 18:11:43,ACC087,32,+56 96-131-296,P0008,LOC001,Retail,0.7384
2235,2023-06-17 05:37:40,2023-06-17 05:54:45,ACC0328,63,+43 73-372-537,P0016,LOC009,Cross-Industry,0.5778
2236,2023-06-17 12:10:21,2023-06-17 12:23:54,ACC095,40,+34 16-139-304,P0019,LOC003,Healthcare,0.3707
2237,2023-06-17 13:49:09,2023-06-17 14:06:43,ACC0290,25,+46 35-334-499,P0017,LOC002,Retail,0.2299
2238,2023-06-17 15:16:30,2023-06-17 15:31:45,ACC0527,52,+56 96-571-736,P0006,LOC008,Other,0.6750
2239,2023-06-17 20:57:33,2023-06-17 21:10:59,ACC098,43,+56 19-142-307,P0004,LOC006,Services,0.8634
2240,2023-06-18 16:54:55,2023-06-18 16:59:07,ACC0518,43,+100 87-562-727,P0002,LOC002,Services,0.3880
2241,2023-06-19 03:26:53,2023-06-19 03:49:11,ACC0186,61,+56 19-230-395,P0008,LOC002,Healthcare,0.6837
2242,2023-06-19 03:47:14,2023-06-19 04:03:09,ACC0141,16,+43 62-185-350,P0015,LOC008,Other,0.8745
2243,2023-06-21 00:26:56,2023-06-21 00:47:07,ACC0322,57,+44 67-366-531,P0014,LOC006,Services,0.9585
2244,2023-06-21 04:34:46,2023-06-21 04:57:10,ACC0384,49,+56 41-428-593,P0002,LOC005,Cross-Industry,0.6618
2245,2023-06-22 00:13:22,2023-06-22 00:32:58,ACC0338,73,+26 83-382-547,P0015,LOC008,Other,0.8064
2246,2023-06-22 05:15:35,2023-06-22 05:21:14,ACC028,43,+36 37-72-237,P0004,LOC008,Services,0.0991
2247,2023-06-22 15:36:55,2023-06-22 15:48:52,ACC0149,24,+36 70-193-358,P0007,LOC001,Other,0.2768
2248,2023-06-23 10:55:49,2023-06-23 11:09:05,ACC0418,83,+100 75-462-627,P0005,LOC005,Government,0.8010
2249,2023-06-23 22:13:32,2023-06-23 22:26:18,ACC046,61,+100 55-90-255,P0005,LOC008,Healthcare,0.0369
2250,2023-06-23 23:30:51,2023-06-23 23:48:54,ACC0459,54,+26 28-503-668,P0017,LOC002,Healthcare,0.9182
2251,2023-06-24 07:04:52,2023-06-24 07:15:23,ACC0314,49,+36 59-358-523,P0004,LOC005,Cross-Industry,0.4540
2252,2023-06-24 23:48:47,2023-06-25 00:01:02,ACC0447,42,+34 16-491-656,P0010,LOC005,Cross-Industry,0.9930
2253,2023-06-25 20:00:01,2023-06-25 20:00:06,ACC0540,65,+100 21-584-749,P0011,LOC003,Other,0.5177
2254,2023-06-26 01:29:18,2023-06-26 01:38:08,ACC04,19,+46 13-48-213,P0003,LOC006,Healthcare,0.6895
2255,2023-06-26 07:56:30,2023-06-26 08:14:36,ACC023,38,+100 32-67-232,P0013,LOC007,Other,0.7850
2256,2023-06-27 08:29:25,2023-06-27 08:51:07,ACC0408,73,+100 65-452-617,P0005,LOC001,Other,0.2751
2257,2023-06-27 16:58:15,2023-06-27 17:13:20,ACC078,23,+100 87-122-287,P0004,LOC007,Other,0.4497
2258,2023-06-28 07:17:53,2023-06-28 07:39:38,ACC0254,59,+100 87-298-463,P0012,LOC005,Other,0.7286
2259,2023-06-28 14:03:01,2023-06-28 14:26:42,ACC0477,72,+46 46-521-686,P0009,LOC004,Other,0.5864
2260,2023-06-29 06:24:03,2023-06-29 06:33:52,ACC0325,60,+36 70-369-534,P0012,LOC007,Retail,0.1308
2261,2023-06-29 18:27:54,2023-06-29 18:41:06,ACC0163,38,+43 84-207-372,P0009,LOC001,Other,0.0347
2262,2023-06-30 06:49:55,2023-06-30 06:53:35,ACC0154,29,+100 75-198-363,P0013,LOC005,Services,0.9034
2263,2023-06-30 10:22:56,2023-06-30 10:37:56,ACC0167,42,+100 88-211-376,P0009,LOC009,Cross-Industry,0.9178
2264,2023-07-01 04:20:11,2023-07-01 04:21:57,ACC033,48,+100 42-77-242,P0003,LOC006,Government,0.3122
2265,2023-07-01 05:15:03,2023-07-01 05:34:57,ACC0583,38,+100 64-627-792,P0009,LOC001,Other,0.6986
2266,2023-07-01 07:19:41,2023-07-01 07:44:37,ACC0504,29,+43 73-548-713,P0012,LOC005,Services,0.9617
2267,2023-07-02 21:59:25,2023-07-02 22:02:22,ACC0425,20,+34 82-469-634,P0008,LOC002,Government,0.8406
2268,2023-07-03 01:17:35,2023-07-03 01:37:11,ACC0243,48,+100 76-287-452,P0002,LOC007,Government,0.4452
2269,2023-07-03 15:22:22,2023-07-03 15:40:35,ACC0311,46,+44 56-355-520,P0003,LOC005,Retail,0.7276
2270,2023-07-03 16:35:18,2023-07-03 16:42:24,ACC072,17,+36 81-116-281,P0010,LOC004,Other,0.1144
2271,2023-07-03 23:10:40,2023-07-03 23:29:20,ACC04,19,+46 13-48-213,P0010,LOC001,Healthcare,0.5313
2272,2023-07-03 23:54:00,2023-07-04 00:05:46,ACC0518,43,+100 87-562-727,P0004,LOC008,Services,0.5052
2273,2023-07-04 04:09:49,2023-07-04 04:32:56,ACC0548,73,+43 29-592-757,P0007,LOC001,Other,0.5983
2274,2023-07-04 14:37:36,2023-07-04 14:50:29,ACC0456,51,+200 25-500-665,P0008,LOC008,Other,0.3862
2275,2023-07-05 09:07:29,2023-07-05 09:10:15,ACC0288,23,+100 33-332-497,P0016,LOC001,Other,0.6935
2276,2023-07-05 20:55:28,2023-07-05 21:03:30,ACC0260,65,+34 93-304-469,P0001,LOC001,Other,0.4945
2277,2023-07-05 20:57:03,2023-07-05 21:02:21,ACC0347,82,+36 92-391-556,P0009,LOC001,Healthcare,0.9479
2278,2023-07-06 08:03:36,2023-07-06 08:29:31,ACC0344,79,+44 89-388-553,P0008,LOC003,Other,0.7009
2279,2023-07-06 11:59:58,2023-07-06 12:16:46,ACC0583,38,+100 64-627-792,P0011,LOC003,Other,0.7310
2280,2023-07-06 12:06:26,2023-07-06 12:30:39,ACC03,18,+44 12-47-212,P0004,LOC009,Retail,0.3726
2281,2023-07-07 03:01:37,2023-07-07 03:13:58,ACC0570,25,+43 51-614-779,P0009,LOC004,Retail,0.7383
2282,2023-07-07 12:51:14,2023-07-07 12:54:44,ACC0494,19,+56 63-538-703,P0004,LOC005,Healthcare,0.1755
2283,2023-07-08 14:36:22,2023-07-08 14:59:05,ACC0507,32,+100 76-551-716,P0014,LOC009,Retail,0.5215
2284,2023-07-08 16:13:44,2023-07-08 16:30:07,ACC0448,43,+26 17-492-657,P0001,LOC005,Services,0.5372
2285,2023-07-09 13:30:20,2023-07-09 13:53:40,ACC0531,56,+44 12-575-740,P0006,LOC006,Cross-Industry,0.9978
2286,2023-07-10 01:07:19,2023-07-10 01:32:44,ACC0290,25,+46 35-334-499,P0011,LOC005,Retail,0.7087
2287,2023-07-10 10:23:43,2023-07-10 10:45:15,ACC0354,19,+100 11-398-563,P0007,LOC002,Healthcare,0.7370
2288,2023-07-10 15:37:23,2023-07-10 15:50:00,ACC0181,56,+200 14-225-390,P0003,LOC007,Cross-Industry,0.1078
2289,2023-07-10 16:19:25,2023-07-10 16:22:25,ACC0373,38,+56 30-417-582,P0019,LOC005,Other,0.4266
2290,2023-07-11 09:35:25,2023-07-11 09:59:17,ACC0213,18,+46 46-257-422,P0004,LOC004,Retail,0.1556
2291,2023-07-11 16:32:56,2023-07-11 16:36:53,ACC0294,29,+26 39-338-503,P0009,LOC009,Services,0.2914
2292,2023-07-11 20:16:07,2023-07-11 20:26:16,ACC0410,75,+44 67-454-619,P0010,LOC003,Healthcare,0.2090
2293,2023-07-11 22:23:25,2023-07-11 22:24:24,ACC0251,56,+43 84-295-460,P0014,LOC006,Cross-Industry,0.1498
2294,2023-07-12 06:23:49,2023-07-12 06:31:07,ACC0256,61,+44 89-300-465,P0011,LOC005,Healthcare,0.5399
2295,2023-07-12 06:55:24,2023-07-12 07:20:06,ACC0240,45,+43 73-284-449,P0019,LOC001,Other,0.9737
2296,2023-07-12 18:59:35,2023-07-12 19:03:15,ACC060,75,+200 69-104-269,P0011,LOC004,Healthcare,0.9885
2297,2023-07-13 12:08:57,2023-07-13 12:16:05,ACC0365,30,+100 22-409-574,P0016,LOC008,Other,0.0035
2298,2023-07-13 15:46:52,2023-07-13 15:55:05,ACC0116,61,+36 37-160-325,P0017,LOC008,Healthcare,0.9373
2299,2023-07-13 16:52:29,2023-07-13 17:02:31,ACC0515,40,+43 84-559-724,P0009,LOC004,Healthcare,0.8400
2300,2023-07-14 03:51:49,2023-07-14 04:09:31,ACC0448,43,+26 17-492-657,P0006,LOC007,Services,0.5949
2301,2023-07-14 04:02:24,2023-07-14 04:05:21,ACC056,71,+100 65-100-265,P0011,LOC006,Services,0.9227
2302,2023-07-14 08:35:49,2023-07-14 08:58:30,ACC0577,32,+200 58-621-786,P0019,LOC003,Retail,0.3686
2303,2023-07-14 22:58:04,2023-07-14 23:13:14,ACC0298,33,+100 43-342-507,P0011,LOC002,Healthcare,0.4047
2304,2023-07-14 23:03:28,2023-07-14 23:16:16,ACC0273,78,+43 18-317-482,P0014,LOC007,Services,0.5773
2305,2023-07-15 00:24:29,2023-07-15 00:38:42,ACC0281,16,+36 26-325-490,P0008,LOC003,Other,0.1198
2306,2023-07-15 01:17:41,2023-07-15 01:23:27,ACC0421,16,+44 78-465-630,P0011,LOC004,Other,0.3407
2307,2023-07-15 01:33:18,2023-07-15 01:50:55,ACC0544,69,+200 25-588-753,P0007,LOC001,Government,0.9660
2308,2023-07-15 18:28:36,2023-07-15 18:49:03,ACC0112,57,+100 33-156-321,P0016,LOC007,Services,0.8955
2309,2023-07-16 08:14:52,2023-07-16 08:30:32,ACC0136,81,+46 57-180-345,P0002,LOC003,Retail,0.3036
2310,2023-07-16 15:53:56,2023-07-16 15:58:19,ACC0133,78,+100 54-177-342,P0003,LOC006,Services,0.4679
2311,2023-07-16 17:52:41,2023-07-16 17:55:06,ACC0375,40,+100 32-419-584,P0010,LOC003,Healthcare,0.0546
2312,2023-07-16 20:27:02,2023-07-16 20:51:04,ACC069,84,+44 78-113-278,P0013,LOC008,Cross-Industry,0.4929
2313,2023-07-17 00:51:27,2023-07-17 01:15:43,ACC0348,83,+34 93-392-557,P0011,LOC006,Government,0.7874
2314,2023-07-17 07:35:31,2023-07-17 07:56:24,ACC099,44,+100 20-143-308,P0006,LOC007,Other,0.4191
2315,2023-07-17 08:30:06,2023-07-17 08:51:57,ACC03,18,+44 12-47-212,P0017,LOC009,Retail,0.4419
2316,2023-07-17 15:22:43,2023-07-17 15:40:31,ACC0565,20,+46 46-609-774,P0011,LOC003,Government,0.0682
2317,2023-07-18 09:35:33,2023-07-18 09:40:04,ACC0512,37,+36 81-556-721,P0011,LOC004,Other,0.9986
2318,2023-07-19 10:13:17,2023-07-19 10:33:27,ACC090,35,+100 11-134-299,P0016,LOC002,Cross-Industry,0.4589
2319,2023-07-19 22:20:43,2023-07-19 22:45:40,ACC0283,18,+26 28-327-492,P0009,LOC002,Retail,0.5921
2320,2023-07-21 07:11:55,2023-07-21 07:33:40,ACC0482,77,+43 51-526-691,P0014,LOC006,Cross-Industry,0.3643
2321,2023-07-21 13:06:20,2023-07-21 13:19:46,ACC0398,63,+100 55-442-607,P0006,LOC009,Cross-Industry,0.3041
2322,2023-07-21 17:39:23,2023-07-21 17:58:52,ACC0589,44,+36 70-633-798,P0014,LOC008,Other,0.8502
2323,2023-07-21 20:30:25,2023-07-21 20:37:16,ACC0203,78,+200 36-247-412,P0008,LOC001,Services,0.3810
2324,2023-07-22 02:18:41,2023-07-22 02:31:04,ACC0560,85,+56 41-604-769,P0003,LOC006,Services,0.0940
2325,2023-07-22 10:33:04,2023-07-22 10:55:17,ACC0573,28,+100 54-617-782,P0007,LOC002,Cross-Industry,0.1990
2326,2023-07-22 13:47:33,2023-07-22 14:12:48,ACC0236,41,+200 69-280-445,P0014,LOC005,Government,0.8557
2327,2023-07-22 14:43:07,2023-07-22 14:46:43,ACC0404,69,+26 61-448-613,P0013,LOC004,Government,0.3430
2328,2023-07-22 15:18:50,2023-07-22 15:38:46,ACC040,55,+34 49-84-249,P0005,LOC009,Government,0.2273
2329,2023-07-23 06:09:13,2023-07-23 06:28:39,ACC0386,51,+100 43-430-595,P0011,LOC005,Other,0.4078
2330,2023-07-23 06:12:15,2023-07-23 06:22:22,ACC0508,33,+100 77-552-717,P0013,LOC004,Healthcare,0.5993
2331,2023-07-23 21:33:13,2023-07-23 21:43:19,ACC0536,61,+26 17-580-745,P0013,LOC005,Healthcare,0.4453
2332,2023-07-25 04:07:21,2023-07-25 04:22:57,ACC0237,42,+36 70-281-446,P0015,LOC006,Cross-Industry,0.5326
2333,2023-07-25 09:41:49,2023-07-25 09:57:13,ACC0101,46,+100 22-145-310,P0016,LOC001,Retail,0.4566
2334,2023-07-25 14:00:00,2023-07-25 14:15:43,ACC0334,69,+46 79-378-543,P0002,LOC004,Government,0.2955
2335,2023-07-25 17:57:56,2023-07-25 18:12:35,ACC0382,47,+26 39-426-591,P0002,LOC002,Healthcare,0.4071
2336,2023-07-25 20:40:23,2023-07-25 20:43:57,ACC0485,80,+100 54-529-694,P0016,LOC002,Other,0.8642
2337,2023-07-26 04:40:40,2023-07-26 05:02:09,ACC0271,76,+34 16-315-480,P0010,LOC004,Government,0.2202
2338,2023-07-26 04:48:25,2023-07-26 04:51:35,ACC0568,23,+34 49-612-777,P0002,LOC006,Other,0.7337
2339,2023-07-26 07:55:17,2023-07-26 08:14:56,ACC0179,54,+44 12-223-388,P0009,LOC003,Healthcare,0.6237
2340,2023-07-26 09:18:39,2023-07-26 09:25:21,ACC0275,80,+100 20-319-484,P0019,LOC003,Other,0.0994
2341,2023-07-26 11:55:25,2023-07-26 12:07:06,ACC0357,22,+200 14-401-566,P0019,LOC004,Services,0.2740
2342,2023-07-26 16:08:12,2023-07-26 16:25:42,ACC0189,64,+100 22-233-398,P0006,LOC001,Services,0.2067
2343,2023-07-26 17:22:23,2023-07-26 17:37:53,ACC0190,65,+44 23-234-399,P0003,LOC003,Other,0.6581
2344,2023-07-26 20:43:38,2023-07-26 20:52:13,ACC0556,81,+36 37-600-765,P0015,LOC009,Retail,0.0483
2345,2023-07-27 00:14:59,2023-07-27 00:24:00,ACC0475,70,+100 44-519-684,P0006,LOC008,Cross-Industry,0.0886
2346,2023-07-27 13:46:29,2023-07-27 14:09:33,ACC0405,70,+43 62-449-614,P0011,LOC002,Cross-Industry,0.9550
2347,2023-07-28 11:59:53,2023-07-28 12:15:27,ACC0329,64,+56 74-373-538,P0005,LOC001,Services,0.5182
2348,2023-07-29 00:44:18,2023-07-29 00:46:27,ACC0290,25,+46 35-334-499,P0017,LOC001,Retail,0.6631
2349,2023-07-30 01:37:23,2023-07-30 01:44:07,ACC0541,66,+100 22-585-750,P0001,LOC003,Other,0.2593
2350,2023-07-30 08:39:39,2023-07-30 08:54:21,ACC0346,81,+200 91-390-555,P0002,LOC003,Retail,0.6470
2351,2023-07-30 16:54:10,2023-07-30 16:54:28,ACC089,34,+100 10-133-298,P0017,LOC001,Government,0.9426
2352,2023-07-31 01:21:00,2023-07-31 01:21:25,ACC0265,70,+100 10-309-474,P0016,LOC008,Cross-Industry,0.4724
2353,2023-07-31 09:09:12,2023-07-31 09:19:25,ACC0388,53,+44 45-432-597,P0007,LOC008,Retail,0.9505
2354,2023-07-31 11:50:02,2023-07-31 12:04:05,ACC0393,58,+26 50-437-602,P0013,LOC004,Other,0.4477
2355,2023-07-31 12:37:06,2023-07-31 12:49:35,ACC0561,16,+100 42-605-770,P0001,LOC003,Other,0.0480
2356,2023-07-31 15:06:17,2023-07-31 15:23:40,ACC0377,42,+44 34-421-586,P0019,LOC003,Cross-Industry,0.7500
2357,2023-07-31 15:42:27,2023-07-31 16:07:56,ACC0413,78,+36 70-457-622,P0016,LOC009,Services,0.1033
2358,2023-07-31 16:01:35,2023-07-31 16:11:26,ACC0500,25,+200 69-544-709,P0009,LOC004,Retail,0.0352
2359,2023-08-01 13:50:47,2023-08-01 14:00:01,ACC0198,73,+100 31-242-407,P0006,LOC006,Other,0.2188
2360,2023-08-02 03:00:28,2023-08-02 03:14:40,ACC0584,39,+100 65-628-793,P0016,LOC008,Retail,0.9700
2361,2023-08-02 16:26:37,2023-08-02 16:43:36,ACC0181,56,+200 14-225-390,P0003,LOC005,Cross-Industry,0.6613
2362,2023-08-03 03:50:01,2023-08-03 04:08:48,ACC0251,56,+43 84-295-460,P0009,LOC009,Cross-Industry,0.1789
2363,2023-08-03 07:55:24,2023-08-03 08:05:34,ACC0593,48,+56 74-637-802,P0010,LOC002,Government,0.7025
2364,2023-08-03 11:02:37,2023-08-03 11:07:04,ACC0107,52,+26 28-151-316,P0012,LOC004,Other,0.0873
2365,2023-08-04 10:52:19,2023-08-04 11:11:19,ACC022,37,+100 31-66-231,P0016,LOC009,Other,0.9857
2366,2023-08-04 14:16:01,2023-08-04 14:29:55,ACC09,24,+43 18-53-218,P0004,LOC006,Other,0.8494
2367,2023-08-04 14:36:54,2023-08-04 14:48:48,ACC0428,23,+56 85-472-637,P0013,LOC008,Other,0.0204
2368,2023-08-04 17:33:47,2023-08-04 17:51:54,ACC0492,17,+26 61-536-701,P0019,LOC004,Other,0.9836
2369,2023-08-05 00:07:03,2023-08-05 00:14:57,ACC086,31,+43 95-130-295,P0015,LOC008,Other,0.0045
2370,2023-08-05 07:58:07,2023-08-05 08:21:21,ACC0200,75,+100 33-244-409,P0011,LOC003,Healthcare,0.8626
2371,2023-08-05 17:44:36,2023-08-05 17:51:29,ACC0275,80,+100 20-319-484,P0012,LOC005,Other,0.9989
2372,2023-08-05 23:49:52,2023-08-06 00:00:28,ACC0586,41,+44 67-630-795,P0009,LOC002,Government,0.4733
2373,2023-08-06 04:54:18,2023-08-06 05:04:21,ACC0193,68,+36 26-237-402,P0011,LOC002,Healthcare,0.3747
2374,2023-08-06 07:11:25,2023-08-06 07:12:59,ACC0573,28,+100 54-617-782,P0013,LOC007,Cross-Industry,0.6174
2375,2023-08-06 18:24:03,2023-08-06 18:36:53,ACC0461,56,+56 30-505-670,P0014,LOC006,Cross-Industry,0.0877
2376,2023-08-07 03:39:28,2023-08-07 03:58:37,ACC09,24,+43 18-53-218,P0002,LOC007,Other,0.8889
2377,2023-08-07 05:08:36,2023-08-07 05:20:11,ACC012,27,+100 21-56-221,P0006,LOC008,Government,0.3740
2378,2023-08-07 10:56:31,2023-08-07 11:22:37,ACC0189,64,+100 22-233-398,P0018,LOC009,Services,0.8196
2379,2023-08-07 15:48:06,2023-08-07 15:53:53,ACC0329,64,+56 74-373-538,P0011,LOC004,Services,0.0633
2380,2023-08-07 19:12:49,2023-08-07 19:17:31,ACC0396,61,+100 53-440-605,P0011,LOC002,Healthcare,0.0517
2381,2023-08-08 10:30:57,2023-08-08 10:47:06,ACC0572,27,+100 53-616-781,P0015,LOC007,Government,0.2231
2382,2023-08-08 14:29:26,2023-08-08 14:51:03,ACC0255,60,+100 88-299-464,P0001,LOC005,Retail,0.5040
2383,2023-08-08 16:11:39,2023-08-08 16:35:50,ACC0461,56,+56 30-505-670,P0012,LOC004,Cross-Industry,0.0006
2384,2023-08-10 13:31:33,2023-08-10 13:32:45,ACC0151,26,+26 72-195-360,P0011,LOC005,Healthcare,0.5620
2385,2023-08-10 14:58:03,2023-08-10 15:10:07,ACC0406,71,+56 63-450-615,P0013,LOC004,Services,0.7222
2386,2023-08-10 20:46:47,2023-08-10 21:00:48,ACC0294,29,+26 39-338-503,P0010,LOC001,Services,0.2295
2387,2023-08-10 22:01:19,2023-08-10 22:07:08,ACC0225,30,+200 58-269-434,P0019,LOC002,Other,0.8625
2388,2023-08-11 02:16:59,2023-08-11 02:23:35,ACC0306,41,+43 51-350-515,P0011,LOC003,Government,0.5192
2389,2023-08-11 11:45:01,2023-08-11 11:53:07,ACC0114,59,+46 35-158-323,P0009,LOC001,Other,0.2391
2390,2023-08-12 08:27:44,2023-08-12 08:49:29,ACC0249,54,+34 82-293-458,P0005,LOC008,Healthcare,0.5479
2391,2023-08-12 09:34:17,2023-08-12 09:56:44,ACC0135,80,+44 56-179-344,P0016,LOC008,Other,0.7406
2392,2023-08-12 21:06:03,2023-08-12 21:19:43,ACC0393,58,+26 50-437-602,P0012,LOC007,Other,0.1796
2393,2023-08-13 09:19:37,2023-08-13 09:44:37,ACC034,49,+100 43-78-243,P0009,LOC003,Cross-Industry,0.4367
2394,2023-08-13 11:41:41,2023-08-13 11:45:02,ACC0397,62,+100 54-441-606,P0006,LOC001,Government,0.6764
2395,2023-08-13 11:45:59,2023-08-13 11:57:18,ACC0369,34,+36 26-413-578,P0001,LOC002,Government,0.9325
2396,2023-08-14 14:32:03,2023-08-14 14:49:33,ACC0136,81,+46 57-180-345,P0015,LOC007,Retail,0.3762
2397,2023-08-14 16:44:11,2023-08-14 17:10:02,ACC026,41,+46 35-70-235,P0013,LOC007,Government,0.8653
2398,2023-08-15 04:45:32,2023-08-15 04:47:26,ACC0456,51,+200 25-500-665,P0014,LOC008,Other,0.3275
2399,2023-08-15 14:38:40,2023-08-15 15:00:29,ACC040,55,+34 49-84-249,P0002,LOC004,Government,0.9385
2400,2023-08-15 20:47:02,2023-08-15 20:51:34,ACC0247,52,+200 80-291-456,P0001,LOC006,Other,0.6242
2401,2023-08-16 19:00:20,2023-08-16 19:17:55,ACC0225,30,+200 58-269-434,P0005,LOC006,Other,0.3175
2402,2023-08-17 03:17:02,2023-08-17 03:43:13,ACC0421,16,+44 78-465-630,P0015,LOC006,Other,0.0359
2403,2023-08-17 04:17:14,2023-08-17 04:37:39,ACC0497,22,+100 66-541-706,P0006,LOC001,Services,0.7408
2404,2023-08-17 12:41:46,2023-08-17 13:00:45,ACC047,62,+44 56-91-256,P0017,LOC002,Government,0.5093
2405,2023-08-19 11:20:56,2023-08-19 11:30:01,ACC0397,62,+100 54-441-606,P0018,LOC001,Government,0.9416
2406,2023-08-20 01:49:30,2023-08-20 02:12:21,ACC0572,27,+100 53-616-781,P0013,LOC006,Government,0.6876
2407,2023-08-20 08:14:39,2023-08-20 08:14:53,ACC0236,41,+200 69-280-445,P0003,LOC008,Government,0.3570
2408,2023-08-20 17:44:50,2023-08-20 18:09:21,ACC0440,35,+100 97-484-649,P0006,LOC006,Cross-Industry,0.1868
2409,2023-08-21 11:53:40,2023-08-21 12:19:46,ACC0460,55,+43 29-504-669,P0019,LOC001,Government,0.5716
2410,2023-08-21 15:42:19,2023-08-21 16:06:11,ACC0575,30,+44 56-619-784,P0006,LOC009,Other,0.1100
2411,2023-08-21 15:43:32,2023-08-21 15:54:15,ACC042,57,+43 51-86-251,P0012,LOC003,Services,0.5100
2412,2023-08-22 03:31:39,2023-08-22 03:43:49,ACC044,59,+100 53-88-253,P0018,LOC003,Other,0.1760
2413,2023-08-22 06:21:32,2023-08-22 06:46:25,ACC0306,41,+43 51-350-515,P0002,LOC007,Government,0.8991
2414,2023-08-22 06:43:13,2023-08-22 06:54:10,ACC0371,36,+26 28-415-580,P0001,LOC003,Services,0.4488
2415,2023-08-22 07:03:36,2023-08-22 07:06:19,ACC0318,53,+56 63-362-527,P0016,LOC001,Retail,0.1740
2416,2023-08-23 14:41:10,2023-08-23 15:04:05,ACC0491,16,+34 60-535-700,P0007,LOC001,Other,0.2459
2417,2023-08-23 15:32:59,2023-08-23 15:56:48,ACC0229,34,+43 62-273-438,P0005,LOC005,Government,0.1109
2418,2023-08-23 21:17:44,2023-08-23 21:33:16,ACC0422,17,+46 79-466-631,P0010,LOC001,Other,0.5685
2419,2023-08-24 07:35:45,2023-08-24 07:44:30,ACC0364,29,+100 21-408-573,P0009,LOC009,Services,0.0053
2420,2023-08-25 03:38:02,2023-08-25 03:56:41,ACC030,45,+26 39-74-239,P0006,LOC001,Other,0.3254
2421,2023-08-25 04:24:41,2023-08-25 04:47:45,ACC0455,50,+46 24-499-664,P0011,LOC006,Services,0.2433
2422,2023-08-25 10:24:15,2023-08-25 10:47:41,ACC0200,75,+100 33-244-409,P0019,LOC003,Healthcare,0.6884
2423,2023-08-25 18:33:20,2023-08-25 18:49:40,ACC0535,60,+34 16-579-744,P0002,LOC002,Retail,0.3230
2424,2023-08-25 21:32:10,2023-08-25 21:58:19,ACC043,58,+56 52-87-252,P0008,LOC009,Other,0.0251
2425,2023-08-27 12:57:30,2023-08-27 13:10:01,ACC045,60,+100 54-89-254,P0019,LOC003,Retail,0.1481
2426,2023-08-27 21:01:32,2023-08-27 21:23:43,ACC0537,62,+43 18-581-746,P0009,LOC003,Government,0.9047
2427,2023-08-28 01:01:36,2023-08-28 01:20:43,ACC05,20,+200 14-49-214,P0010,LOC003,Government,0.1215
2428,2023-08-28 04:13:52,2023-08-28 04:25:17,ACC0449,44,+43 18-493-658,P0014,LOC008,Other,0.1385
2429,2023-08-28 07:20:33,2023-08-28 07:29:22,ACC0458,53,+34 27-502-667,P0001,LOC002,Retail,0.1676
2430,2023-08-28 10:08:51,2023-08-28 10:17:25,ACC0361,26,+43 18-405-570,P0006,LOC008,Healthcare,0.5951
2431,2023-08-28 18:36:46,2023-08-28 18:59:58,ACC0508,33,+100 77-552-717,P0011,LOC005,Healthcare,0.1569
2432,2023-08-28 19:33:23,2023-08-28 19:41:06,ACC0426,21,+26 83-470-635,P0010,LOC004,Cross-Industry,0.5887
2433,2023-08-29 01:08:18,2023-08-29 01:21:45,ACC0155,30,+100 76-199-364,P0009,LOC004,Other,0.8525
2434,2023-08-29 09:19:39,2023-08-29 09:45:01,ACC0129,74,+26 50-173-338,P0014,LOC007,Retail,0.2880
2435,2023-08-29 20:54:27,2023-08-29 21:01:26,ACC0401,66,+200 58-445-610,P0010,LOC001,Other,0.0379
2436,2023-08-30 02:07:53,2023-08-30 02:22:12,ACC0189,64,+100 22-233-398,P0010,LOC001,Services,0.1063
2437,2023-08-30 07:49:39,2023-08-30 08:12:31,ACC0164,39,+56 85-208-373,P0009,LOC001,Retail,0.8636
2438,2023-08-30 09:00:16,2023-08-30 09:00:31,ACC028,43,+36 37-72-237,P0002,LOC003,Services,0.4117
2439,2023-08-30 10:16:34,2023-08-30 10:37:19,ACC0107,52,+26 28-151-316,P0012,LOC003,Other,0.8793
2440,2023-08-30 18:41:44,2023-08-30 18:50:16,ACC0582,37,+56 63-626-791,P0007,LOC001,Other,0.8167
2441,2023-08-31 11:18:36,2023-08-31 11:36:18,ACC0105,50,+36 26-149-314,P0008,LOC001,Services,0.3602
2442,2023-08-31 17:04:52,2023-08-31 17:22:16,ACC0392,57,+34 49-436-601,P0016,LOC001,Services,0.3695
2443,2023-08-31 17:55:09,2023-08-31 18:09:55,ACC0149,24,+36 70-193-358,P0005,LOC001,Other,0.2413
2444,2023-09-01 04:33:43,2023-09-01 04:39:53,ACC0454,49,+44 23-498-663,P0005,LOC001,Cross-Industry,0.4985
2445,2023-09-02 04:58:34,2023-09-02 05:02:28,ACC0538,63,+56 19-582-747,P0005,LOC005,Cross-Industry,0.8902
2446,2023-09-03 02:42:42,2023-09-03 02:45:05,ACC0359,24,+34 16-403-568,P0001,LOC004,Other,0.0447
2447,2023-09-03 18:01:24,2023-09-03 18:17:31,ACC0529,54,+100 10-573-738,P0008,LOC003,Healthcare,0.1556
2448,2023-09-03 18:51:44,2023-09-03 18:52:34,ACC0145,20,+100 66-189-354,P0016,LOC007,Government,0.2783
2449,2023-09-03 21:06:24,2023-09-03 21:31:17,ACC052,67,+26 61-96-261,P0013,LOC006,Retail,0.1822
2450,2023-09-05 01:19:41,2023-09-05 01:39:55,ACC0348,83,+34 93-392-557,P0013,LOC008,Government,0.9786
2451,2023-09-05 20:38:28,2023-09-05 20:52:06,ACC0194,69,+34 27-238-403,P0016,LOC007,Government,0.2969
2452,2023-09-06 01:30:54,2023-09-06 01:54:05,ACC0429,24,+100 86-473-638,P0002,LOC005,Other,0.9708
2453,2023-09-06 02:20:00,2023-09-06 02:22:17,ACC0311,46,+44 56-355-520,P0002,LOC006,Retail,0.1552
2454,2023-09-06 03:31:49,2023-09-06 03:51:54,ACC0383,48,+43 40-427-592,P0004,LOC007,Government,0.9253
2455,2023-09-07 00:42:45,2023-09-07 00:46:44,ACC0247,52,+200 80-291-456,P0008,LOC001,Other,0.8248
2456,2023-09-07 03:24:52,2023-09-07 03:37:46,ACC0535,60,+34 16-579-744,P0014,LOC008,Retail,0.5903
2457,2023-09-07 09:32:54,2023-09-07 09:35:47,ACC0577,32,+200 58-621-786,P0019,LOC003,Retail,0.8327
2458,2023-09-07 10:14:25,2023-09-07 10:38:13,ACC0194,69,+34 27-238-403,P0004,LOC007,Government,0.9122
2459,2023-09-07 13:00:44,2023-09-07 13:08:08,ACC0434,29,+200 91-478-643,P0003,LOC005,Services,0.0876
2460,2023-09-07 14:32:49,2023-09-07 14:45:22,ACC0505,30,+56 74-549-714,P0012,LOC004,Other,0.8160
2461,2023-09-07 19:32:16,2023-09-07 19:51:42,ACC0157,32,+44 78-201-366,P0010,LOC005,Retail,0.7408
2462,2023-09-08 16:25:53,2023-09-08 16:46:00,ACC0500,25,+200 69-544-709,P0007,LOC007,Retail,0.3572
2463,2023-09-08 22:07:12,2023-09-08 22:10:40,ACC0231,36,+100 64-275-440,P0009,LOC001,Services,0.4877
2464,2023-09-09 11:13:41,2023-09-09 11:25:02,ACC017,32,+36 26-61-226,P0016,LOC007,Retail,0.9086
2465,2023-09-09 20:35:54,2023-09-09 20:51:38,ACC090,35,+100 11-134-299,P0003,LOC006,Cross-Industry,0.1164
2466,2023-09-09 23:10:21,2023-09-09 23:17:21,ACC0359,24,+34 16-403-568,P0015,LOC009,Other,0.2543
2467,2023-09-10 02:03:41,2023-09-10 02:16:42,ACC0391,56,+36 48-435-600,P0015,LOC001,Cross-Industry,0.5098
2468,2023-09-10 06:03:18,2023-09-10 06:15:48,ACC0113,58,+44 34-157-322,P0008,LOC009,Other,0.0357
2469,2023-09-10 06:26:29,2023-09-10 06:27:15,ACC0533,58,+200 14-577-742,P0009,LOC009,Other,0.4625
2470,2023-09-11 00:25:23,2023-09-11 00:47:18,ACC0295,30,+43 40-339-504,P0006,LOC007,Other,0.3793
2471,2023-09-11 08:15:41,2023-09-11 08:35:22,ACC0227,32,+34 60-271-436,P0014,LOC005,Retail,0.1137
2472,2023-09-11 08:31:35,2023-09-11 08:37:01,ACC0543,68,+46 24-587-752,P0002,LOC002,Healthcare,0.4835
2473,2023-09-12 22:22:05,2023-09-12 22:30:48,ACC0417,82,+56 74-461-626,P0004,LOC004,Healthcare,0.1859
2474,2023-09-13 00:46:52,2023-09-13 00:55:43,ACC0476,71,+44 45-520-685,P0006,LOC008,Services,0.4259
2475,2023-09-13 09:39:38,2023-09-13 09:43:14,ACC0552,77,+100 33-596-761,P0013,LOC005,Cross-Industry,0.7574
2476,2023-09-13 11:56:33,2023-09-13 12:04:36,ACC0572,27,+100 53-616-781,P0012,LOC007,Government,0.8363
2477,2023-09-13 15:19:08,2023-09-13 15:33:41,ACC0124,69,+44 45-168-333,P0008,LOC008,Government,0.3747
2478,2023-09-13 21:39:08,2023-09-13 22:03:52,ACC0254,59,+100 87-298-463,P0008,LOC002,Other,0.1342
2479,2023-09-14 12:24:06,2023-09-14 12:48:50,ACC0299,34,+100 44-343-508,P0005,LOC005,Government,0.6976
2480,2023-09-14 18:28:32,2023-09-14 18:39:58,ACC0581,36,+43 62-625-790,P0010,LOC001,Services,0.4510
2481,2023-09-14 20:08:02,2023-09-14 20:16:38,ACC0179,54,+44 12-223-388,P0016,LOC008,Healthcare,0.2602
2482,2023-09-15 15:17:37,2023-09-15 15:36:24,ACC054,69,+56 63-98-263,P0008,LOC001,Government,0.0810
2483,2023-09-15 23:16:17,2023-09-15 23:31:06,ACC0124,69,+44 45-168-333,P0005,LOC006,Government,0.1164
2484,2023-09-16 03:01:33,2023-09-16 03:03:18,ACC0196,71,+43 29-240-405,P0018,LOC009,Services,0.5515
2485,2023-09-16 13:39:08,2023-09-16 13:46:50,ACC0139,84,+34 60-183-348,P0004,LOC005,Cross-Industry,0.2339
2486,2023-09-16 18:11:41,2023-09-16 18:32:55,ACC088,33,+100 97-132-297,P0008,LOC009,Healthcare,0.7607
2487,2023-09-16 19:53:27,2023-09-16 20:15:12,ACC085,30,+26 94-129-294,P0016,LOC008,Other,0.2016
2488,2023-09-17 23:43:37,2023-09-18 00:06:21,ACC0564,19,+44 45-608-773,P0016,LOC001,Healthcare,0.7486
2489,2023-09-17 23:46:58,2023-09-17 23:54:49,ACC0221,26,+100 54-265-430,P0007,LOC001,Healthcare,0.8430
2490,2023-09-17 23:53:08,2023-09-18 00:01:32,ACC0565,20,+46 46-609-774,P0010,LOC002,Government,0.9167
2491,2023-09-18 22:46:08,2023-09-18 22:50:35,ACC0418,83,+100 75-462-627,P0012,LOC006,Government,0.7917
2492,2023-09-19 01:36:40,2023-09-19 01:40:26,ACC0106,51,+34 27-150-315,P0016,LOC007,Other,0.1957
2493,2023-09-19 09:05:57,2023-09-19 09:06:17,ACC0182,57,+36 15-226-391,P0010,LOC001,Services,0.9514
2494,2023-09-21 05:26:49,2023-09-21 05:30:42,ACC0513,38,+34 82-557-722,P0009,LOC001,Other,0.8983
2495,2023-09-21 20:33:49,2023-09-21 20:49:28,ACC0141,16,+43 62-185-350,P0015,LOC001,Other,0.2962
2496,2023-09-21 20:42:57,2023-09-21 21:04:34,ACC0354,19,+100 11-398-563,P0019,LOC003,Healthcare,0.5307
2497,2023-09-22 05:36:16,2023-09-22 05:39:24,ACC0437,32,+26 94-481-646,P0019,LOC004,Retail,0.6079
2498,2023-09-22 07:40:20,2023-09-22 07:49:09,ACC068,83,+100 77-112-277,P0006,LOC002,Government,0.5749
2499,2023-09-22 13:50:32,2023-09-22 14:06:26,ACC04,19,+46 13-48-213,P0014,LOC006,Healthcare,0.8213
2500,2023-09-22 15:36:10,2023-09-22 15:49:57,ACC049,64,+200 58-93-258,P0005,LOC005,Services,0.0188
2501,2023-09-24 10:55:17,2023-09-24 11:08:19,ACC0499,24,+46 68-543-708,P0016,LOC007,Other,0.2423
2502,2023-09-24 14:44:36,2023-09-24 14:58:30,ACC0255,60,+100 88-299-464,P0015,LOC006,Retail,0.5767
2503,2023-09-24 17:50:41,2023-09-24 18:01:26,ACC0262,67,+43 95-306-471,P0012,LOC007,Retail,0.1841
2504,2023-09-24 23:31:27,2023-09-24 23:43:39,ACC0201,76,+44 34-245-410,P0019,LOC002,Government,0.9105
2505,2023-09-26 00:33:40,2023-09-26 00:38:42,ACC080,25,+44 89-124-289,P0007,LOC007,Retail,0.0426
2506,2023-09-26 14:04:38,2023-09-26 14:26:23,ACC0192,67,+200 25-236-401,P0005,LOC005,Retail,0.3515
2507,2023-09-26 20:02:43,2023-09-26 20:13:02,ACC072,17,+36 81-116-281,P0016,LOC009,Other,0.7064
2508,2023-09-26 20:06:51,2023-09-26 20:14:07,ACC0285,20,+56 30-329-494,P0003,LOC008,Government,0.3448
2509,2023-09-26 20:56:17,2023-09-26 21:22:01,ACC010,25,+56 19-54-219,P0002,LOC002,Retail,0.9901
2510,2023-09-27 23:09:23,2023-09-27 23:22:54,ACC0278,83,+44 23-322-487,P0003,LOC005,Government,0.3780
2511,2023-09-28 09:00:51,2023-09-28 09:08:11,ACC079,24,+100 88-123-288,P0003,LOC005,Other,0.3049
2512,2023-09-28 10:15:36,2023-09-28 10:37:38,ACC0436,31,+34 93-480-645,P0006,LOC002,Other,0.8181
2513,2023-09-29 03:01:15,2023-09-29 03:07:04,ACC0510,35,+46 79-554-719,P0004,LOC007,Cross-Industry,0.5356
2514,2023-09-29 04:03:40,2023-09-29 04:14:38,ACC0264,69,+100 97-308-473,P0017,LOC002,Government,0.4358
2515,2023-09-29 12:28:39,2023-09-29 12:29:45,ACC0231,36,+100 64-275-440,P0005,LOC005,Services,0.7451
2516,2023-09-29 17:31:13,2023-09-29 17:43:54,ACC0239,44,+26 72-283-448,P0010,LOC003,Other,0.2761
2517,2023-09-30 04:43:22,2023-09-30 04:45:28,ACC0210,85,+100 43-254-419,P0003,LOC004,Services,0.4100
2518,2023-09-30 07:45:54,2023-09-30 07:52:04,ACC0478,73,+200 47-522-687,P0009,LOC009,Other,0.1897
2519,2023-10-01 06:36:13,2023-10-01 06:52:35,ACC062,77,+34 71-106-271,P0001,LOC005,Cross-Industry,0.2864
2520,2023-10-02 19:54:29,2023-10-02 20:07:35,ACC0359,24,+34 16-403-568,P0015,LOC007,Other,0.9896
2521,2023-10-03 08:44:19,2023-10-03 08:56:47,ACC0145,20,+100 66-189-354,P0010,LOC005,Government,0.8383
2522,2023-10-04 08:55:03,2023-10-04 08:55:09,ACC0102,47,+44 23-146-311,P0014,LOC005,Healthcare,0.0399
2523,2023-10-04 12:45:53,2023-10-04 12:53:42,ACC0412,77,+200 69-456-621,P0011,LOC003,Cross-Industry,0.7362
2524,2023-10-04 16:58:10,2023-10-04 17:10:24,ACC0194,69,+34 27-238-403,P0017,LOC001,Government,0.5519
2525,2023-10-04 18:25:21,2023-10-04 18:30:53,ACC0464,59,+100 33-508-673,P0005,LOC008,Other,0.7923
2526,2023-10-05 12:24:25,2023-10-05 12:37:47,ACC0119,64,+43 40-163-328,P0009,LOC001,Services,0.0640
2527,2023-10-05 16:18:56,2023-10-05 16:35:41,ACC0384,49,+56 41-428-593,P0011,LOC006,Cross-Industry,0.5828
2528,2023-10-06 03:13:59,2023-10-06 03:34:36,ACC0316,51,+26 61-360-525,P0017,LOC009,Other,0.0713
2529,2023-10-06 17:51:06,2023-10-06 18:00:13,ACC0408,73,+100 65-452-617,P0004,LOC006,Other,0.1640
2530,2023-10-06 18:34:15,2023-10-06 18:46:07,ACC0357,22,+200 14-401-566,P0015,LOC006,Services,0.8407
2531,2023-10-06 19:15:02,2023-10-06 19:35:49,ACC0270,75,+36 15-314-479,P0002,LOC004,Healthcare,0.5228
2532,2023-10-07 02:21:40,2023-10-07 02:43:21,ACC0414,79,+34 71-458-623,P0005,LOC006,Other,0.4129
2533,2023-10-07 06:23:23,2023-10-07 06:28:23,ACC0330,65,+100 75-374-539,P0015,LOC001,Other,0.5374
2534,2023-10-07 19:26:34,2023-10-07 19:46:01,ACC0189,64,+100 22-233-398,P0007,LOC007,Services,0.1544
2535,2023-10-07 23:59:55,2023-10-08 00:01:02,ACC0241,46,+56 74-285-450,P0011,LOC002,Retail,0.3078
2536,2023-10-08 15:26:03,2023-10-08 15:42:25,ACC0401,66,+200 58-445-610,P0019,LOC001,Other,0.9903
2537,2023-10-08 16:01:19,2023-10-08 16:19:02,ACC0563,18,+100 44-607-772,P0004,LOC004,Retail,0.4503
2538,2023-10-08 18:46:20,2023-10-08 18:54:31,ACC0132,77,+100 53-176-341,P0011,LOC005,Cross-Industry,0.5802
2539,2023-10-09 02:33:03,2023-10-09 02:39:36,ACC0554,79,+46 35-598-763,P0015,LOC009,Other,0.0819
2540,2023-10-09 02:55:03,2023-10-09 03:13:16,ACC0427,22,+43 84-471-636,P0019,LOC001,Services,0.5258
2541,2023-10-09 07:10:29,2023-10-09 07:24:36,ACC0207,82,+43 40-251-416,P0012,LOC006,Healthcare,0.5070
2542,2023-10-09 15:57:16,2023-10-09 16:11:05,ACC077,22,+100 86-121-286,P0015,LOC006,Services,0.6256
2543,2023-10-11 02:02:37,2023-10-11 02:05:37,ACC049,64,+200 58-93-258,P0015,LOC009,Services,0.8887
2544,2023-10-11 03:15:49,2023-10-11 03:20:40,ACC0182,57,+36 15-226-391,P0017,LOC003,Services,0.6671
2545,2023-10-11 07:17:43,2023-10-11 07:29:49,ACC0450,45,+56 19-494-659,P0008,LOC002,Other,0.8666
2546,2023-10-12 00:44:49,2023-10-12 00:48:51,ACC027,42,+200 36-71-236,P0008,LOC009,Cross-Industry,0.3287
2547,2023-10-12 02:32:44,2023-10-12 02:42:20,ACC0337,72,+34 82-381-546,P0005,LOC006,Other,0.4674
2548,2023-10-12 10:08:31,2023-10-12 10:27:20,ACC0339,74,+43 84-383-548,P0004,LOC004,Retail,0.7330
2549,2023-10-14 01:26:34,2023-10-14 01:37:50,ACC047,62,+44 56-91-256,P0013,LOC007,Government,0.2268
2550,2023-10-14 02:58:55,2023-10-14 03:15:27,ACC0444,39,+46 13-488-653,P0018,LOC004,Retail,0.6271
2551,2023-10-14 03:58:03,2023-10-14 03:58:14,ACC0377,42,+44 34-421-586,P0012,LOC005,Cross-Industry,0.1299
2552,2023-10-14 07:02:44,2023-10-14 07:07:35,ACC0573,28,+100 54-617-782,P0004,LOC008,Cross-Industry,0.1482
2553,2023-10-14 11:03:03,2023-10-14 11:13:49,ACC0142,17,+56 63-186-351,P0001,LOC006,Other,0.0579
2554,2023-10-14 22:53:52,2023-10-14 22:59:31,ACC0435,30,+36 92-479-644,P0008,LOC008,Other,0.4964
2555,2023-10-15 02:18:44,2023-10-15 02:36:28,ACC0257,62,+46 90-301-466,P0017,LOC001,Government,0.1622
2556,2023-10-15 11:36:17,2023-10-15 11:47:57,ACC027,42,+200 36-71-236,P0003,LOC004,Cross-Industry,0.8423
2557,2023-10-16 00:15:48,2023-10-16 00:26:42,ACC034,49,+100 43-78-243,P0014,LOC006,Cross-Industry,0.9844
2558,2023-10-16 07:37:10,2023-10-16 07:37:52,ACC0430,25,+100 87-474-639,P0009,LOC001,Retail,0.6697
2559,2023-10-16 08:14:09,2023-10-16 08:39:05,ACC0574,29,+100 55-618-783,P0012,LOC004,Services,0.6378
2560,2023-10-16 12:00:14,2023-10-16 12:10:14,ACC0169,44,+46 90-213-378,P0013,LOC004,Other,0.2043
2561,2023-10-16 15:18:03,2023-10-16 15:27:45,ACC0252,57,+56 85-296-461,P0001,LOC006,Services,0.3048
2562,2023-10-17 09:03:07,2023-10-17 09:26:04,ACC0427,22,+43 84-471-636,P0004,LOC006,Services,0.4406
2563,2023-10-17 12:39:19,2023-10-17 12:56:36,ACC0433,28,+46 90-477-642,P0009,LOC003,Cross-Industry,0.6559
2564,2023-10-18 05:35:15,2023-10-18 05:38:13,ACC098,43,+56 19-142-307,P0012,LOC005,Services,0.4175
2565,2023-10-18 14:32:59,2023-10-18 14:46:07,ACC056,71,+100 65-100-265,P0013,LOC008,Services,0.8823
2566,2023-10-18 20:40:21,2023-10-18 21:01:08,ACC070,85,+46 79-114-279,P0015,LOC007,Services,0.7154
2567,2023-10-19 01:43:52,2023-10-19 01:54:50,ACC0297,32,+100 42-341-506,P0003,LOC004,Retail,0.2582
2568,2023-10-19 18:19:16,2023-10-19 18:26:22,ACC0551,76,+100 32-595-760,P0015,LOC007,Government,0.7173
2569,2023-10-20 02:05:30,2023-10-20 02:22:27,ACC0484,79,+100 53-528-693,P0019,LOC001,Other,0.4143
2570,2023-10-20 07:16:46,2023-10-20 07:42:39,ACC0528,53,+100 97-572-737,P0009,LOC002,Retail,0.6329
2571,2023-10-21 04:38:28,2023-10-21 04:46:20,ACC0558,83,+26 39-602-767,P0010,LOC002,Government,0.4343
2572,2023-10-21 10:08:41,2023-10-21 10:16:53,ACC0553,78,+44 34-597-762,P0019,LOC004,Services,0.1322
2573,2023-10-21 19:32:40,2023-10-21 19:41:14,ACC0301,36,+46 46-345-510,P0012,LOC005,Services,0.0689
2574,2023-10-22 00:48:47,2023-10-22 00:57:42,ACC0502,27,+34 71-546-711,P0018,LOC003,Government,0.2278
2575,2023-10-22 02:37:35,2023-10-22 02:42:41,ACC0260,65,+34 93-304-469,P0017,LOC002,Other,0.8631
2576,2023-10-22 18:34:13,2023-10-22 18:36:19,ACC043,58,+56 52-87-252,P0019,LOC005,Other,0.9621
2577,2023-10-23 23:20:02,2023-10-23 23:38:44,ACC0480,75,+34 49-524-689,P0006,LOC008,Healthcare,0.9557
2578,2023-10-24 07:39:27,2023-10-24 07:53:52,ACC0329,64,+56 74-373-538,P0013,LOC006,Services,0.6427
2579,2023-10-24 19:45:04,2023-10-24 19:46:18,ACC0132,77,+100 53-176-341,P0013,LOC008,Cross-Industry,0.8321
2580,2023-10-25 02:29:01,2023-10-25 02:36:18,ACC0181,56,+200 14-225-390,P0014,LOC008,Cross-Industry,0.6990
2581,2023-10-25 04:35:47,2023-10-25 04:39:12,ACC0583,38,+100 64-627-792,P0004,LOC004,Other,0.6451
2582,2023-10-25 15:48:09,2023-10-25 16:08:54,ACC0566,21,+200 47-610-775,P0012,LOC004,Cross-Industry,0.4117
2583,2023-10-26 00:14:51,2023-10-26 00:33:42,ACC0512,37,+36 81-556-721,P0001,LOC001,Other,0.7768
2584,2023-10-26 05:44:32,2023-10-26 06:07:07,ACC0508,33,+100 77-552-717,P0014,LOC006,Healthcare,0.0938
2585,2023-10-26 13:47:06,2023-10-26 13:50:07,ACC0148,23,+200 69-192-357,P0015,LOC006,Other,0.8979
2586,2023-10-27 04:57:22,2023-10-27 05:00:13,ACC0347,82,+36 92-391-556,P0019,LOC003,Healthcare,0.5893
2587,2023-10-27 06:42:11,2023-10-27 06:50:07,ACC098,43,+56 19-142-307,P0016,LOC008,Services,0.1923
2588,2023-10-27 07:31:16,2023-10-27 07:50:51,ACC0587,42,+46 68-631-796,P0017,LOC002,Cross-Industry,0.1807
2589,2023-10-27 12:25:07,2023-10-27 12:48:12,ACC0134,79,+100 55-178-343,P0003,LOC007,Other,0.2542
2590,2023-10-27 13:00:14,2023-10-27 13:17:21,ACC0504,29,+43 73-548-713,P0009,LOC001,Services,0.0508
2591,2023-10-27 21:25:49,2023-10-27 21:49:11,ACC0342,77,+100 87-386-551,P0015,LOC006,Cross-Industry,0.1188
2592,2023-10-28 13:37:14,2023-10-28 13:53:19,ACC08,23,+26 17-52-217,P0014,LOC007,Other,0.4243
2593,2023-10-29 04:13:09,2023-10-29 04:25:55,ACC0493,18,+43 62-537-702,P0003,LOC005,Retail,0.7690
2594,2023-10-29 09:37:50,2023-10-29 09:39:49,ACC0457,52,+36 26-501-666,P0011,LOC006,Other,0.8976
2595,2023-10-29 14:47:00,2023-10-29 14:47:43,ACC0370,35,+34 27-414-579,P0015,LOC008,Cross-Industry,0.7055
2596,2023-10-29 17:01:58,2023-10-29 17:13:41,ACC0252,57,+56 85-296-461,P0001,LOC003,Services,0.2236
2597,2023-10-29 17:21:27,2023-10-29 17:31:14,ACC089,34,+100 10-133-298,P0004,LOC007,Government,0.4065
2598,2023-10-30 15:10:06,2023-10-30 15:21:08,ACC0441,36,+100 10-485-650,P0009,LOC009,Services,0.7009
2599,2023-10-30 18:13:33,2023-10-30 18:39:37,ACC0480,75,+34 49-524-689,P0012,LOC006,Healthcare,0.8672
2600,2023-10-31 00:09:19,2023-10-31 00:17:49,ACC0206,81,+26 39-250-415,P0001,LOC001,Retail,0.7586
2601,2023-10-31 07:14:59,2023-10-31 07:35:44,ACC0446,41,+36 15-490-655,P0009,LOC004,Government,0.7730
2602,2023-10-31 19:51:10,2023-10-31 20:14:43,ACC0381,46,+34 38-425-590,P0019,LOC005,Retail,0.3191
2603,2023-11-01 09:21:47,2023-11-01 09:43:22,ACC012,27,+100 21-56-221,P0005,LOC001,Government,0.0321
2604,2023-11-01 10:57:45,2023-11-01 11:07:15,ACC0224,29,+46 57-268-433,P0001,LOC003,Services,0.1011
2605,2023-11-02 01:33:35,2023-11-02 01:51:06,ACC0116,61,+36 37-160-325,P0004,LOC005,Healthcare,0.9258
2606,2023-11-02 05:26:20,2023-11-02 05:39:47,ACC0101,46,+100 22-145-310,P0012,LOC006,Retail,0.8917
2607,2023-11-02 12:49:43,2023-11-02 13:11:42,ACC0568,23,+34 49-612-777,P0013,LOC004,Other,0.4110
2608,2023-11-03 21:22:23,2023-11-03 21:38:52,ACC0573,28,+100 54-617-782,P0009,LOC002,Cross-Industry,0.6986
2609,2023-11-04 08:39:32,2023-11-04 08:47:58,ACC0302,37,+200 47-346-511,P0014,LOC006,Other,0.2764
2610,2023-11-04 12:03:58,2023-11-04 12:08:56,ACC0288,23,+100 33-332-497,P0019,LOC002,Other,0.3627
2611,2023-11-04 13:29:48,2023-11-04 13:51:56,ACC0470,65,+26 39-514-679,P0001,LOC004,Other,0.4206
2612,2023-11-04 16:09:09,2023-11-04 16:17:17,ACC0394,59,+43 51-438-603,P0008,LOC002,Other,0.4772
2613,2023-11-04 18:49:48,2023-11-04 19:14:14,ACC0433,28,+46 90-477-642,P0004,LOC005,Cross-Industry,0.2966
2614,2023-11-04 20:26:26,2023-11-04 20:30:01,ACC0433,28,+46 90-477-642,P0013,LOC007,Cross-Industry,0.6333
2615,2023-11-04 20:41:32,2023-11-04 20:44:57,ACC097,42,+43 18-141-306,P0019,LOC003,Cross-Industry,0.6865
2616,2023-11-05 03:59:05,2023-11-05 04:17:53,ACC079,24,+100 88-123-288,P0019,LOC005,Other,0.8314
2617,2023-11-05 21:12:36,2023-11-05 21:14:05,ACC080,25,+44 89-124-289,P0004,LOC009,Retail,0.6842
2618,2023-11-06 01:21:00,2023-11-06 01:22:35,ACC096,41,+26 17-140-305,P0010,LOC004,Government,0.4737
2619,2023-11-06 23:21:28,2023-11-06 23:44:58,ACC0579,34,+34 60-623-788,P0004,LOC006,Government,0.5075
2620,2023-11-07 00:05:12,2023-11-07 00:06:22,ACC083,28,+36 92-127-292,P0007,LOC008,Cross-Industry,0.5014
2621,2023-11-07 00:22:48,2023-11-07 00:40:32,ACC0229,34,+43 62-273-438,P0018,LOC009,Government,0.3576
2622,2023-11-07 02:02:11,2023-11-07 02:26:34,ACC0227,32,+34 60-271-436,P0009,LOC009,Retail,0.6438
2623,2023-11-07 15:07:10,2023-11-07 15:18:55,ACC0195,70,+26 28-239-404,P0019,LOC002,Cross-Industry,0.2360
2624,2023-11-08 23:11:08,2023-11-08 23:24:13,ACC053,68,+43 62-97-262,P0006,LOC001,Healthcare,0.6374
2625,2023-11-09 14:10:45,2023-11-09 14:21:04,ACC0474,69,+100 43-518-683,P0003,LOC006,Government,0.3474
2626,2023-11-09 14:29:09,2023-11-09 14:36:25,ACC0184,59,+26 17-228-393,P0001,LOC003,Other,0.0293
2627,2023-11-10 14:15:14,2023-11-10 14:18:10,ACC069,84,+44 78-113-278,P0006,LOC008,Cross-Industry,0.0506
2628,2023-11-10 18:12:15,2023-11-10 18:36:43,ACC0220,25,+100 53-264-429,P0015,LOC008,Retail,0.5624
2629,2023-11-10 19:02:32,2023-11-10 19:04:30,ACC0123,68,+100 44-167-332,P0002,LOC007,Healthcare,0.6592
2630,2023-11-11 16:24:42,2023-11-11 16:40:27,ACC0227,32,+34 60-271-436,P0010,LOC004,Retail,0.0983
2631,2023-11-12 05:26:59,2023-11-12 05:39:30,ACC0117,62,+34 38-161-326,P0013,LOC005,Government,0.2881
2632,2023-11-12 14:48:43,2023-11-12 15:13:30,ACC0491,16,+34 60-535-700,P0019,LOC001,Other,0.3016
2633,2023-11-12 16:51:59,2023-11-12 17:00:03,ACC0248,53,+36 81-292-457,P0003,LOC007,Retail,0.1972
2634,2023-11-13 00:14:57,2023-11-13 00:37:15,ACC0212,17,+44 45-256-421,P0018,LOC009,Other,0.5670
2635,2023-11-13 04:44:28,2023-11-13 05:08:12,ACC0115,60,+200 36-159-324,P0009,LOC001,Retail,0.8569
2636,2023-11-13 06:53:45,2023-11-13 07:05:26,ACC086,31,+43 95-130-295,P0006,LOC007,Other,0.4449
2637,2023-11-13 18:04:09,2023-11-13 18:19:34,ACC0252,57,+56 85-296-461,P0013,LOC007,Services,0.8948
2638,2023-11-14 14:06:15,2023-11-14 14:24:24,ACC0318,53,+56 63-362-527,P0013,LOC004,Retail,0.8929
2639,2023-11-14 18:47:35,2023-11-14 19:02:14,ACC0422,17,+46 79-466-631,P0019,LOC002,Other,0.6792
2640,2023-11-15 10:22:55,2023-11-15 10:32:09,ACC0268,73,+46 13-312-477,P0014,LOC009,Other,0.2100
2641,2023-11-16 04:16:30,2023-11-16 04:32:18,ACC037,52,+46 46-81-246,P0006,LOC008,Other,0.6873
2642,2023-11-16 06:33:33,2023-11-16 06:36:35,ACC042,57,+43 51-86-251,P0017,LOC009,Services,0.5638
2643,2023-11-16 14:51:39,2023-11-16 14:56:54,ACC0345,80,+46 90-389-554,P0013,LOC007,Other,0.8750
2644,2023-11-16 16:28:28,2023-11-16 16:44:08,ACC0281,16,+36 26-325-490,P0005,LOC006,Other,0.0740
2645,2023-11-16 21:39:08,2023-11-16 21:44:25,ACC058,73,+44 67-102-267,P0005,LOC008,Other,0.6558
2646,2023-11-16 23:02:19,2023-11-16 23:26:57,ACC0456,51,+200 25-500-665,P0018,LOC004,Other,0.3172
2647,2023-11-17 00:19:46,2023-11-17 00:35:13,ACC0340,75,+56 85-384-549,P0004,LOC008,Healthcare,0.9691
2648,2023-11-17 06:49:42,2023-11-17 06:50:58,ACC0104,49,+200 25-148-313,P0013,LOC007,Cross-Industry,0.8702
2649,2023-11-17 07:27:38,2023-11-17 07:51:49,ACC0527,52,+56 96-571-736,P0005,LOC005,Other,0.5577
2650,2023-11-17 08:03:14,2023-11-17 08:04:28,ACC0327,62,+26 72-371-536,P0005,LOC006,Government,0.0362
2651,2023-11-17 10:30:54,2023-11-17 10:54:02,ACC024,39,+100 33-68-233,P0012,LOC004,Retail,0.8640
2652,2023-11-17 11:51:45,2023-11-17 12:04:17,ACC0428,23,+56 85-472-637,P0010,LOC005,Other,0.1586
2653,2023-11-18 00:52:57,2023-11-18 01:02:08,ACC0573,28,+100 54-617-782,P0010,LOC001,Cross-Industry,0.4698
2654,2023-11-18 08:14:22,2023-11-18 08:21:23,ACC0146,21,+44 67-190-355,P0013,LOC005,Cross-Industry,0.6077
2655,2023-11-18 16:27:23,2023-11-18 16:33:02,ACC0226,31,+36 59-270-435,P0016,LOC002,Other,0.4617
2656,2023-11-18 17:09:20,2023-11-18 17:10:49,ACC0417,82,+56 74-461-626,P0009,LOC003,Healthcare,0.8557
2657,2023-11-19 03:41:39,2023-11-19 03:55:11,ACC0220,25,+100 53-264-429,P0003,LOC006,Retail,0.9051
2658,2023-11-19 17:48:13,2023-11-19 18:11:43,ACC0550,75,+100 31-594-759,P0011,LOC002,Healthcare,0.4994
2659,2023-11-19 22:27:32,2023-11-19 22:29:54,ACC0388,53,+44 45-432-597,P0011,LOC005,Retail,0.4697
2660,2023-11-20 00:48:34,2023-11-20 01:08:50,ACC0466,61,+46 35-510-675,P0009,LOC002,Healthcare,0.4431
2661,2023-11-21 07:26:53,2023-11-21 07:43:39,ACC04,19,+46 13-48-213,P0004,LOC007,Healthcare,0.4776
2662,2023-11-21 21:37:28,2023-11-21 21:53:03,ACC0254,59,+100 87-298-463,P0011,LOC005,Other,0.5074
2663,2023-11-21 21:46:20,2023-11-21 21:59:30,ACC0383,48,+43 40-427-592,P0015,LOC009,Government,0.3071
2664,2023-11-21 23:00:04,2023-11-21 23:00:33,ACC0530,55,+100 11-574-739,P0018,LOC001,Government,0.4123
2665,2023-11-22 14:15:53,2023-11-22 14:32:50,ACC0488,83,+46 57-532-697,P0017,LOC009,Government,0.3344
2666,2023-11-22 19:14:27,2023-11-22 19:24:36,ACC0344,79,+44 89-388-553,P0019,LOC002,Other,0.0559
2667,2023-11-23 13:40:46,2023-11-23 14:02:35,ACC0358,23,+36 15-402-567,P0017,LOC001,Other,0.1179
2668,2023-11-23 14:25:13,2023-11-23 14:37:09,ACC0155,30,+100 76-199-364,P0003,LOC005,Other,0.5001
2669,2023-11-23 22:25:46,2023-11-23 22:47:32,ACC0539,64,+100 20-583-748,P0005,LOC007,Services,0.5663
2670,2023-11-24 00:46:40,2023-11-24 01:06:29,ACC0555,80,+200 36-599-764,P0011,LOC002,Other,0.1814
2671,2023-11-25 00:32:46,2023-11-25 00:58:52,ACC0100,45,+100 21-144-309,P0007,LOC009,Other,0.2594
2672,2023-11-25 01:10:47,2023-11-25 01:32:02,ACC0433,28,+46 90-477-642,P0019,LOC005,Cross-Industry,0.1867
2673,2023-11-25 16:07:38,2023-11-25 16:13:51,ACC0432,27,+44 89-476-641,P0009,LOC009,Government,0.0828
2674,2023-11-25 22:59:37,2023-11-25 23:09:36,ACC0197,72,+56 30-241-406,P0011,LOC005,Other,0.2830
2675,2023-11-26 23:30:05,2023-11-26 23:43:26,ACC0138,83,+36 59-182-347,P0013,LOC004,Government,0.7552
2676,2023-11-27 03:56:40,2023-11-27 04:09:34,ACC0452,47,+100 21-496-661,P0013,LOC006,Healthcare,0.6780
2677,2023-11-27 05:37:45,2023-11-27 05:40:28,ACC0165,40,+100 86-209-374,P0012,LOC006,Healthcare,0.3867
2678,2023-11-27 10:31:13,2023-11-27 10:38:06,ACC020,35,+43 29-64-229,P0013,LOC005,Cross-Industry,0.3089
2679,2023-11-27 10:54:22,2023-11-27 10:56:57,ACC0150,25,+34 71-194-359,P0002,LOC007,Retail,0.7045
2680,2023-11-28 04:45:41,2023-11-28 04:53:17,ACC037,52,+46 46-81-246,P0006,LOC009,Other,0.4990
2681,2023-11-28 23:50:30,2023-11-29 00:16:25,ACC0303,38,+36 48-347-512,P0013,LOC006,Other,0.5927
2682,2023-11-29 07:37:55,2023-11-29 07:51:45,ACC0343,78,+100 88-387-552,P0012,LOC007,Services,0.3404
2683,2023-11-30 01:47:20,2023-11-30 01:56:07,ACC0234,39,+44 67-278-443,P0019,LOC002,Retail,0.8841
2684,2023-11-30 07:17:17,2023-11-30 07:32:27,ACC0411,76,+46 68-455-620,P0019,LOC005,Government,0.0777
2685,2023-11-30 11:26:04,2023-11-30 11:26:25,ACC0478,73,+200 47-522-687,P0018,LOC003,Other,0.6227
2686,2023-12-01 03:02:02,2023-12-01 03:05:57,ACC021,36,+56 30-65-230,P0018,LOC002,Services,0.2020
2687,2023-12-01 09:55:04,2023-12-01 09:56:20,ACC0111,56,+100 32-155-320,P0008,LOC003,Cross-Industry,0.7647
2688,2023-12-02 03:21:02,2023-12-02 03:33:57,ACC0535,60,+34 16-579-744,P0019,LOC001,Retail,0.2078
2689,2023-12-02 05:40:11,2023-12-02 05:51:37,ACC081,26,+46 90-125-290,P0007,LOC002,Healthcare,0.1744
2690,2023-12-02 18:39:52,2023-12-02 18:48:26,ACC0351,16,+56 96-395-560,P0015,LOC006,Other,0.1481
2691,2023-12-02 23:59:07,2023-12-03 00:22:59,ACC0557,82,+34 38-601-766,P0009,LOC002,Healthcare,0.9592
2692,2023-12-03 01:11:40,2023-12-03 01:14:08,ACC089,34,+100 10-133-298,P0007,LOC009,Government,0.2819
2693,2023-12-03 07:09:10,2023-12-03 07:22:43,ACC0413,78,+36 70-457-622,P0012,LOC006,Services,0.8805
2694,2023-12-03 09:38:17,2023-12-03 09:43:47,ACC0423,18,+200 80-467-632,P0004,LOC007,Retail,0.6342
2695,2023-12-03 22:15:06,2023-12-03 22:38:24,ACC049,64,+200 58-93-258,P0019,LOC003,Services,0.3165
2696,2023-12-04 01:16:22,2023-12-04 01:20:08,ACC0317,52,+43 62-361-526,P0010,LOC001,Other,0.6045
2697,2023-12-04 13:34:46,2023-12-04 13:44:41,ACC0291,26,+200 36-335-500,P0002,LOC006,Healthcare,0.4383
2698,2023-12-04 21:12:26,2023-12-04 21:34:32,ACC0437,32,+26 94-481-646,P0006,LOC009,Retail,0.1854
2699,2023-12-05 20:59:07,2023-12-05 21:07:27,ACC0476,71,+44 45-520-685,P0015,LOC001,Services,0.2156
2700,2023-12-06 06:34:51,2023-12-06 06:57:23,ACC0333,68,+44 78-377-542,P0018,LOC001,Healthcare,0.0369
2701,2023-12-07 13:40:36,2023-12-07 13:51:23,ACC040,55,+34 49-84-249,P0002,LOC003,Government,0.1444
2702,2023-12-07 15:44:48,2023-12-07 15:48:47,ACC0413,78,+36 70-457-622,P0007,LOC002,Services,0.8663
2703,2023-12-07 22:18:18,2023-12-07 22:37:40,ACC0478,73,+200 47-522-687,P0019,LOC002,Other,0.6848
2704,2023-12-08 05:51:54,2023-12-08 06:09:27,ACC0158,33,+46 79-202-367,P0014,LOC009,Healthcare,0.4035
2705,2023-12-08 06:01:28,2023-12-08 06:19:45,ACC0145,20,+100 66-189-354,P0003,LOC007,Government,0.1531
2706,2023-12-08 07:43:59,2023-12-08 07:48:00,ACC0291,26,+200 36-335-500,P0009,LOC002,Healthcare,0.7714
2707,2023-12-08 18:38:45,2023-12-08 19:01:44,ACC0450,45,+56 19-494-659,P0002,LOC003,Other,0.2582
2708,2023-12-09 22:51:00,2023-12-09 23:13:20,ACC0546,71,+34 27-590-755,P0013,LOC007,Services,0.8182
2709,2023-12-09 23:42:13,2023-12-10 00:07:45,ACC0313,48,+200 58-357-522,P0006,LOC009,Government,0.9968
2710,2023-12-10 04:32:47,2023-12-10 04:56:41,ACC0421,16,+44 78-465-630,P0014,LOC005,Other,0.0524
2711,2023-12-10 23:30:44,2023-12-10 23:50:05,ACC0349,84,+26 94-393-558,P0017,LOC002,Cross-Industry,0.1388
2712,2023-12-11 00:30:48,2023-12-11 00:48:11,ACC074,19,+26 83-118-283,P0016,LOC008,Healthcare,0.1438
2713,2023-12-11 03:45:30,2023-12-11 04:06:44,ACC0330,65,+100 75-374-539,P0011,LOC002,Other,0.5405
2714,2023-12-11 06:52:08,2023-12-11 07:10:14,ACC0517,42,+100 86-561-726,P0009,LOC004,Cross-Industry,0.3636
2715,2023-12-11 17:11:46,2023-12-11 17:37:35,ACC0281,16,+36 26-325-490,P0004,LOC008,Other,0.8476
2716,2023-12-11 18:47:57,2023-12-11 18:50:22,ACC0157,32,+44 78-201-366,P0012,LOC003,Retail,0.5500
2717,2023-12-11 19:16:58,2023-12-11 19:31:04,ACC0287,22,+100 32-331-496,P0004,LOC006,Services,0.9952
2718,2023-12-13 01:56:15,2023-12-13 02:18:00,ACC0235,40,+46 68-279-444,P0003,LOC004,Healthcare,0.9068
2719,2023-12-13 17:13:38,2023-12-13 17:14:50,ACC0151,26,+26 72-195-360,P0013,LOC004,Healthcare,0.0499
2720,2023-12-13 19:35:53,2023-12-13 19:37:11,ACC0385,50,+100 42-429-594,P0005,LOC006,Services,0.9781
2721,2023-12-13 21:01:12,2023-12-13 21:20:54,ACC0340,75,+56 85-384-549,P0008,LOC002,Healthcare,0.3164
2722,2023-12-14 03:40:29,2023-12-14 03:50:05,ACC0242,47,+100 75-286-451,P0013,LOC005,Healthcare,0.9928
2723,2023-12-14 06:46:55,2023-12-14 06:55:53,ACC0500,25,+200 69-544-709,P0012,LOC003,Retail,0.8287
2724,2023-12-14 19:51:43,2023-12-14 19:53:32,ACC023,38,+100 32-67-232,P0001,LOC006,Other,0.0696
2725,2023-12-15 06:57:01,2023-12-15 07:08:43,ACC0425,20,+34 82-469-634,P0019,LOC005,Government,0.0891
2726,2023-12-15 07:28:20,2023-12-15 07:34:04,ACC0206,81,+26 39-250-415,P0010,LOC004,Retail,0.5532
2727,2023-12-15 20:02:06,2023-12-15 20:20:15,ACC0364,29,+100 21-408-573,P0010,LOC005,Services,0.9625
2728,2023-12-16 00:38:11,2023-12-16 00:39:14,ACC076,21,+56 85-120-285,P0007,LOC009,Cross-Industry,0.7419
2729,2023-12-16 16:13:02,2023-12-16 16:24:02,ACC0572,27,+100 53-616-781,P0003,LOC007,Government,0.4150
2730,2023-12-16 17:59:06,2023-12-16 18:15:42,ACC0519,44,+100 88-563-728,P0018,LOC002,Other,0.6772
2731,2023-12-17 05:03:07,2023-12-17 05:17:13,ACC0355,20,+44 12-399-564,P0008,LOC002,Government,0.9676
2732,2023-12-17 10:48:00,2023-12-17 11:06:36,ACC0117,62,+34 38-161-326,P0008,LOC008,Government,0.1263
2733,2023-12-17 22:54:06,2023-12-17 22:58:02,ACC0228,33,+26 61-272-437,P0005,LOC008,Healthcare,0.9481
2734,2023-12-18 00:36:13,2023-12-18 00:50:22,ACC0296,31,+56 41-340-505,P0017,LOC001,Other,0.0676
2735,2023-12-18 10:36:56,2023-12-18 10:51:33,ACC0225,30,+200 58-269-434,P0016,LOC001,Other,0.2960
2736,2023-12-18 10:54:48,2023-12-18 11:02:56,ACC0433,28,+46 90-477-642,P0009,LOC009,Cross-Industry,0.4568
2737,2023-12-19 00:27:42,2023-12-19 00:48:48,ACC0535,60,+34 16-579-744,P0004,LOC006,Retail,0.0122
2738,2023-12-20 17:00:18,2023-12-20 17:16:12,ACC082,27,+200 91-126-291,P0016,LOC009,Government,0.3969
2739,2023-12-20 20:44:35,2023-12-20 20:48:43,ACC033,48,+100 42-77-242,P0014,LOC006,Government,0.1798
2740,2023-12-21 09:55:01,2023-12-21 09:59:52,ACC0315,50,+34 60-359-524,P0004,LOC008,Services,0.0817
2741,2023-12-21 19:19:18,2023-12-21 19:23:13,ACC0459,54,+26 28-503-668,P0014,LOC009,Healthcare,0.5764
2742,2023-12-21 22:14:57,2023-12-21 22:16:56,ACC0543,68,+46 24-587-752,P0003,LOC008,Healthcare,0.3575
2743,2023-12-23 13:11:26,2023-12-23 13:19:09,ACC0118,63,+26 39-162-327,P0008,LOC009,Cross-Industry,0.7716
2744,2023-12-24 01:58:04,2023-12-24 02:06:37,ACC0475,70,+100 44-519-684,P0018,LOC003,Cross-Industry,0.5022
2745,2023-12-24 17:44:40,2023-12-24 18:08:19,ACC0235,40,+46 68-279-444,P0010,LOC005,Healthcare,0.2180
2746,2023-12-24 18:32:00,2023-12-24 18:48:06,ACC0366,31,+44 23-410-575,P0018,LOC003,Other,0.1552
2747,2023-12-25 11:32:37,2023-12-25 11:42:33,ACC0237,42,+36 70-281-446,P0015,LOC008,Cross-Industry,0.6152
2748,2023-12-25 12:16:46,2023-12-25 12:21:06,ACC0556,81,+36 37-600-765,P0016,LOC001,Retail,0.7643
2749,2023-12-25 20:22:07,2023-12-25 20:33:20,ACC039,54,+36 48-83-248,P0007,LOC001,Healthcare,0.7637
2750,2023-12-25 22:37:42,2023-12-25 22:55:42,ACC0107,52,+26 28-151-316,P0002,LOC005,Other,0.1225
2751,2023-12-26 03:22:17,2023-12-26 03:32:11,ACC0331,66,+100 76-375-540,P0014,LOC006,Other,0.2569
2752,2023-12-26 09:58:42,2023-12-26 10:20:50,ACC059,74,+46 68-103-268,P0005,LOC006,Retail,0.7219
2753,2023-12-27 15:21:00,2023-12-27 15:41:46,ACC052,67,+26 61-96-261,P0011,LOC002,Retail,0.4480
2754,2023-12-28 23:50:09,2023-12-29 00:07:04,ACC0550,75,+100 31-594-759,P0015,LOC007,Healthcare,0.2960
2755,2023-12-29 07:33:14,2023-12-29 07:49:27,ACC0294,29,+26 39-338-503,P0016,LOC007,Services,0.7779
2756,2023-12-30 06:14:04,2023-12-30 06:17:52,ACC0489,84,+200 58-533-698,P0005,LOC005,Cross-Industry,0.6628
2757,2023-12-30 08:00:00,2023-12-30 08:16:01,ACC0225,30,+200 58-269-434,P0006,LOC009,Other,0.0894
2758,2023-12-31 04:58:34,2023-12-31 05:09:13,ACC0306,41,+43 51-350-515,P0002,LOC007,Government,0.7799
2759,2023-12-31 05:08:00,2023-12-31 05:08:53,ACC0240,45,+43 73-284-449,P0009,LOC003,Other,0.1359
2760,2023-12-31 16:24:25,2023-12-31 16:39:01,ACC078,23,+100 87-122-287,P0013,LOC008,Other,0.6261
